location_id,day,hour,traffic_volume,timestamp,dayofweek,month,lag_1,lag_2,lag_3,predicted_traffic_volume,true_category,predicted_category
0,0,0,253,2025-01-01 00:00:00,2,1,253.0,253.0,253.0,309.32,Medium,Medium
0,0,1,462,2025-01-01 01:00:00,2,1,253.0,253.0,253.0,403.59,High,High
0,0,2,277,2025-01-01 02:00:00,2,1,462.0,253.0,253.0,308.53,Medium,Medium
0,0,3,308,2025-01-01 03:00:00,2,1,277.0,462.0,253.0,330.57,Medium,Medium
0,0,4,284,2025-01-01 04:00:00,2,1,308.0,277.0,462.0,328.97,Medium,Medium
0,0,5,388,2025-01-01 05:00:00,2,1,284.0,308.0,277.0,370.95,Medium,Medium
0,0,6,286,2025-01-01 06:00:00,2,1,388.0,284.0,308.0,319.59,Medium,Medium
0,0,7,710,2025-01-01 07:00:00,2,1,286.0,388.0,284.0,661.56,High,High
0,0,8,479,2025-01-01 08:00:00,2,1,710.0,286.0,388.0,497.32,High,High
0,0,9,509,2025-01-01 09:00:00,2,1,479.0,710.0,286.0,526.8,High,High
0,0,10,472,2025-01-01 10:00:00,2,1,509.0,479.0,710.0,354.81,High,Medium
0,0,11,394,2025-01-01 11:00:00,2,1,472.0,509.0,479.0,379.21,Medium,Medium
0,0,12,350,2025-01-01 12:00:00,2,1,394.0,472.0,509.0,354.35,Medium,Medium
0,0,13,408,2025-01-01 13:00:00,2,1,350.0,394.0,472.0,393.7,High,Medium
0,0,14,434,2025-01-01 14:00:00,2,1,408.0,350.0,394.0,409.81,High,High
0,0,15,440,2025-01-01 15:00:00,2,1,434.0,408.0,350.0,409.96,High,High
0,0,16,238,2025-01-01 16:00:00,2,1,440.0,434.0,408.0,294.24,Medium,Medium
0,0,17,427,2025-01-01 17:00:00,2,1,238.0,440.0,434.0,480.55,High,High
0,0,18,401,2025-01-01 18:00:00,2,1,427.0,238.0,440.0,433.31,High,High
0,0,19,578,2025-01-01 19:00:00,2,1,401.0,427.0,238.0,558.74,High,High
0,0,20,335,2025-01-01 20:00:00,2,1,578.0,401.0,427.0,363.23,Medium,Medium
0,0,21,204,2025-01-01 21:00:00,2,1,335.0,578.0,401.0,261.94,Medium,Medium
0,0,22,406,2025-01-01 22:00:00,2,1,204.0,335.0,578.0,410.53,High,High
0,0,23,280,2025-01-01 23:00:00,2,1,406.0,204.0,335.0,354.99,Medium,Medium
0,1,0,254,2025-01-02 00:00:00,3,1,280.0,406.0,204.0,281.52,Medium,Medium
0,1,1,466,2025-01-02 01:00:00,3,1,254.0,280.0,406.0,371.67,High,Medium
0,1,2,376,2025-01-02 02:00:00,3,1,466.0,254.0,280.0,354.72,Medium,Medium
0,1,3,247,2025-01-02 03:00:00,3,1,376.0,466.0,254.0,277.9,Medium,Medium
0,1,4,121,2025-01-02 04:00:00,3,1,247.0,376.0,466.0,185.52,Low,Low
0,1,5,497,2025-01-02 05:00:00,3,1,121.0,247.0,376.0,431.95,High,High
0,1,6,568,2025-01-02 06:00:00,3,1,497.0,121.0,247.0,361.18,High,Medium
0,1,7,401,2025-01-02 07:00:00,3,1,568.0,497.0,121.0,445.54,High,High
0,1,8,637,2025-01-02 08:00:00,3,1,401.0,568.0,497.0,575.46,High,High
0,1,9,314,2025-01-02 09:00:00,3,1,637.0,401.0,568.0,343.25,Medium,Medium
0,1,10,152,2025-01-02 10:00:00,3,1,314.0,637.0,401.0,181.54,Low,Low
0,1,11,106,2025-01-02 11:00:00,3,1,152.0,314.0,637.0,193.63,Low,Low
0,1,12,156,2025-01-02 12:00:00,3,1,106.0,152.0,314.0,208.44,Low,Medium
0,1,13,501,2025-01-02 13:00:00,3,1,156.0,106.0,152.0,457.55,High,High
0,1,14,307,2025-01-02 14:00:00,3,1,501.0,156.0,106.0,330.67,Medium,Medium
0,1,15,360,2025-01-02 15:00:00,3,1,307.0,501.0,156.0,279.15,Medium,Medium
0,1,16,334,2025-01-02 16:00:00,3,1,360.0,307.0,501.0,323.67,Medium,Medium
0,1,17,563,2025-01-02 17:00:00,3,1,334.0,360.0,307.0,551.37,High,High
0,1,18,517,2025-01-02 18:00:00,3,1,563.0,334.0,360.0,502.1,High,High
0,1,19,603,2025-01-02 19:00:00,3,1,517.0,563.0,334.0,507.74,High,High
0,1,20,479,2025-01-02 20:00:00,3,1,603.0,517.0,563.0,388.53,High,Medium
0,1,21,388,2025-01-02 21:00:00,3,1,479.0,603.0,517.0,399.59,Medium,Medium
0,1,22,518,2025-01-02 22:00:00,3,1,388.0,479.0,603.0,467.53,High,High
0,1,23,404,2025-01-02 23:00:00,3,1,518.0,388.0,479.0,390.97,High,Medium
0,2,0,375,2025-01-03 00:00:00,4,1,404.0,518.0,388.0,379.58,Medium,Medium
0,2,1,519,2025-01-03 01:00:00,4,1,375.0,404.0,518.0,406.19,High,High
0,2,2,270,2025-01-03 02:00:00,4,1,519.0,375.0,404.0,273.2,Medium,Medium
0,2,3,464,2025-01-03 03:00:00,4,1,270.0,519.0,375.0,432.09,High,High
0,2,4,514,2025-01-03 04:00:00,4,1,464.0,270.0,519.0,473.14,High,High
0,2,5,195,2025-01-03 05:00:00,4,1,514.0,464.0,270.0,254.74,Low,Medium
0,2,6,235,2025-01-03 06:00:00,4,1,195.0,514.0,464.0,336.46,Medium,Medium
0,2,7,400,2025-01-03 07:00:00,4,1,235.0,195.0,514.0,548.59,High,High
0,2,8,415,2025-01-03 08:00:00,4,1,400.0,235.0,195.0,487.52,High,High
0,2,9,524,2025-01-03 09:00:00,4,1,415.0,400.0,235.0,508.75,High,High
0,2,10,392,2025-01-03 10:00:00,4,1,524.0,415.0,400.0,362.86,Medium,Medium
0,2,11,370,2025-01-03 11:00:00,4,1,392.0,524.0,415.0,334.13,Medium,Medium
0,2,12,133,2025-01-03 12:00:00,4,1,370.0,392.0,524.0,348.69,Low,Medium
0,2,13,371,2025-01-03 13:00:00,4,1,133.0,370.0,392.0,354.92,Medium,Medium
0,2,14,400,2025-01-03 14:00:00,4,1,371.0,133.0,370.0,347.66,High,Medium
0,2,15,179,2025-01-03 15:00:00,4,1,400.0,371.0,133.0,401.92,Low,High
0,2,16,248,2025-01-03 16:00:00,4,1,179.0,400.0,371.0,287.13,Medium,Medium
0,2,17,590,2025-01-03 17:00:00,4,1,248.0,179.0,400.0,543.91,High,High
0,2,18,474,2025-01-03 18:00:00,4,1,590.0,248.0,179.0,422.13,High,High
0,2,19,447,2025-01-03 19:00:00,4,1,474.0,590.0,248.0,408.27,High,High
0,2,20,372,2025-01-03 20:00:00,4,1,447.0,474.0,590.0,365.93,Medium,Medium
0,2,21,230,2025-01-03 21:00:00,4,1,372.0,447.0,474.0,260.47,Medium,Medium
0,2,22,193,2025-01-03 22:00:00,4,1,230.0,372.0,447.0,372.14,Low,Medium
0,2,23,367,2025-01-03 23:00:00,4,1,193.0,230.0,372.0,383.16,Medium,Medium
0,3,0,484,2025-01-04 00:00:00,5,1,367.0,193.0,230.0,329.01,High,Medium
0,3,1,570,2025-01-04 01:00:00,5,1,484.0,367.0,193.0,482.78,High,High
0,3,2,203,2025-01-04 02:00:00,5,1,570.0,484.0,367.0,253.59,Medium,Medium
0,3,3,217,2025-01-04 03:00:00,5,1,203.0,570.0,484.0,276.1,Medium,Medium
0,3,4,340,2025-01-04 04:00:00,5,1,217.0,203.0,570.0,389.55,Medium,Medium
0,3,5,502,2025-01-04 05:00:00,5,1,340.0,217.0,203.0,432.87,High,High
0,3,6,198,2025-01-04 06:00:00,5,1,502.0,340.0,217.0,369.44,Low,Medium
0,3,7,571,2025-01-04 07:00:00,5,1,198.0,502.0,340.0,543.25,High,High
0,3,8,572,2025-01-04 08:00:00,5,1,571.0,198.0,502.0,533.23,High,High
0,3,9,398,2025-01-04 09:00:00,5,1,572.0,571.0,198.0,420.2,Medium,High
0,3,10,147,2025-01-04 10:00:00,5,1,398.0,572.0,571.0,195.29,Low,Low
0,3,11,329,2025-01-04 11:00:00,5,1,147.0,398.0,572.0,320.84,Medium,Medium
0,3,12,371,2025-01-04 12:00:00,5,1,329.0,147.0,398.0,342.5,Medium,Medium
0,3,13,448,2025-01-04 13:00:00,5,1,371.0,329.0,147.0,453.0,High,High
0,3,14,313,2025-01-04 14:00:00,5,1,448.0,371.0,329.0,351.06,Medium,Medium
0,3,15,217,2025-01-04 15:00:00,5,1,313.0,448.0,371.0,245.08,Medium,Medium
0,3,16,260,2025-01-04 16:00:00,5,1,217.0,313.0,448.0,360.29,Medium,Medium
0,3,17,334,2025-01-04 17:00:00,5,1,260.0,217.0,313.0,387.72,Medium,Medium
0,3,18,326,2025-01-04 18:00:00,5,1,334.0,260.0,217.0,408.82,Medium,High
0,3,19,674,2025-01-04 19:00:00,5,1,326.0,334.0,260.0,625.53,High,High
0,3,20,521,2025-01-04 20:00:00,5,1,674.0,326.0,334.0,449.95,High,High
0,3,21,391,2025-01-04 21:00:00,5,1,521.0,674.0,326.0,370.29,Medium,Medium
0,3,22,324,2025-01-04 22:00:00,5,1,391.0,521.0,674.0,326.13,Medium,Medium
0,3,23,502,2025-01-04 23:00:00,5,1,324.0,391.0,521.0,462.81,High,High
0,4,0,296,2025-01-05 00:00:00,6,1,502.0,324.0,391.0,357.92,Medium,Medium
0,4,1,334,2025-01-05 01:00:00,6,1,296.0,502.0,324.0,363.06,Medium,Medium
0,4,2,527,2025-01-05 02:00:00,6,1,334.0,296.0,502.0,448.25,High,High
0,4,3,297,2025-01-05 03:00:00,6,1,527.0,334.0,296.0,311.86,Medium,Medium
0,4,4,360,2025-01-05 04:00:00,6,1,297.0,527.0,334.0,364.09,Medium,Medium
0,4,5,449,2025-01-05 05:00:00,6,1,360.0,297.0,527.0,409.04,High,High
0,4,6,329,2025-01-05 06:00:00,6,1,449.0,360.0,297.0,323.14,Medium,Medium
0,4,7,631,2025-01-05 07:00:00,6,1,329.0,449.0,360.0,562.53,High,High
0,4,8,454,2025-01-05 08:00:00,6,1,631.0,329.0,449.0,464.26,High,High
0,4,9,611,2025-01-05 09:00:00,6,1,454.0,631.0,329.0,560.9,High,High
0,4,10,273,2025-01-05 10:00:00,6,1,611.0,454.0,631.0,295.54,Medium,Medium
0,4,11,162,2025-01-05 11:00:00,6,1,273.0,611.0,454.0,323.07,Low,Medium
0,4,12,395,2025-01-05 12:00:00,6,1,162.0,273.0,611.0,379.31,Medium,Medium
0,4,13,541,2025-01-05 13:00:00,6,1,395.0,162.0,273.0,458.18,High,High
0,4,14,238,2025-01-05 14:00:00,6,1,541.0,395.0,162.0,395.01,Medium,Medium
0,4,15,213,2025-01-05 15:00:00,6,1,238.0,541.0,395.0,255.35,Medium,Medium
0,4,16,320,2025-01-05 16:00:00,6,1,213.0,238.0,541.0,331.49,Medium,Medium
0,4,17,339,2025-01-05 17:00:00,6,1,320.0,213.0,238.0,395.45,Medium,Medium
0,4,18,551,2025-01-05 18:00:00,6,1,339.0,320.0,213.0,517.2,High,High
0,4,19,454,2025-01-05 19:00:00,6,1,551.0,339.0,320.0,455.82,High,High
0,4,20,195,2025-01-05 20:00:00,6,1,454.0,551.0,339.0,222.67,Low,Medium
0,4,21,348,2025-01-05 21:00:00,6,1,195.0,454.0,551.0,348.72,Medium,Medium
0,4,22,328,2025-01-05 22:00:00,6,1,348.0,195.0,454.0,307.87,Medium,Medium
0,4,23,413,2025-01-05 23:00:00,6,1,328.0,348.0,195.0,389.05,High,Medium
0,5,0,357,2025-01-06 00:00:00,0,1,413.0,328.0,348.0,342.42,Medium,Medium
0,5,1,238,2025-01-06 01:00:00,0,1,357.0,413.0,328.0,289.21,Medium,Medium
0,5,2,391,2025-01-06 02:00:00,0,1,238.0,357.0,413.0,349.54,Medium,Medium
0,5,3,447,2025-01-06 03:00:00,0,1,391.0,238.0,357.0,391.88,High,Medium
0,5,4,568,2025-01-06 04:00:00,0,1,447.0,391.0,238.0,437.48,High,High
0,5,5,382,2025-01-06 05:00:00,0,1,568.0,447.0,391.0,364.47,Medium,Medium
0,5,6,509,2025-01-06 06:00:00,0,1,382.0,568.0,447.0,428.05,High,High
0,5,7,419,2025-01-06 07:00:00,0,1,509.0,382.0,568.0,425.73,High,High
0,5,8,455,2025-01-06 08:00:00,0,1,419.0,509.0,382.0,488.78,High,High
0,5,9,550,2025-01-06 09:00:00,0,1,455.0,419.0,509.0,522.8,High,High
0,5,10,305,2025-01-06 10:00:00,0,1,550.0,455.0,419.0,324.97,Medium,Medium
0,5,11,511,2025-01-06 11:00:00,0,1,305.0,550.0,455.0,445.13,High,High
0,5,12,265,2025-01-06 12:00:00,0,1,511.0,305.0,550.0,299.71,Medium,Medium
0,5,13,521,2025-01-06 13:00:00,0,1,265.0,511.0,305.0,461.7,High,High
0,5,14,439,2025-01-06 14:00:00,0,1,521.0,265.0,511.0,383.86,High,Medium
0,5,15,265,2025-01-06 15:00:00,0,1,439.0,521.0,265.0,293.58,Medium,Medium
0,5,16,437,2025-01-06 16:00:00,0,1,265.0,439.0,521.0,329.48,High,Medium
0,5,17,650,2025-01-06 17:00:00,0,1,437.0,265.0,439.0,499.84,High,High
0,5,18,508,2025-01-06 18:00:00,0,1,650.0,437.0,265.0,487.39,High,High
0,5,19,595,2025-01-06 19:00:00,0,1,508.0,650.0,437.0,492.99,High,High
0,5,20,377,2025-01-06 20:00:00,0,1,595.0,508.0,650.0,369.33,Medium,Medium
0,5,21,504,2025-01-06 21:00:00,0,1,377.0,595.0,508.0,432.72,High,High
0,5,22,469,2025-01-06 22:00:00,0,1,504.0,377.0,595.0,437.75,High,High
0,5,23,531,2025-01-06 23:00:00,0,1,469.0,504.0,377.0,464.92,High,High
0,6,0,364,2025-01-07 00:00:00,1,1,531.0,469.0,504.0,366.39,Medium,Medium
0,6,1,167,2025-01-07 01:00:00,1,1,364.0,531.0,469.0,254.94,Low,Medium
0,6,2,206,2025-01-07 02:00:00,1,1,167.0,364.0,531.0,253.59,Medium,Medium
0,6,3,293,2025-01-07 03:00:00,1,1,206.0,167.0,364.0,304.8,Medium,Medium
0,6,4,309,2025-01-07 04:00:00,1,1,293.0,206.0,167.0,312.29,Medium,Medium
0,6,5,304,2025-01-07 05:00:00,1,1,309.0,293.0,206.0,323.9,Medium,Medium
0,6,6,251,2025-01-07 06:00:00,1,1,304.0,309.0,293.0,278.48,Medium,Medium
0,6,7,389,2025-01-07 07:00:00,1,1,251.0,304.0,309.0,440.17,Medium,High
0,6,8,511,2025-01-07 08:00:00,1,1,389.0,251.0,304.0,500.02,High,High
0,6,9,386,2025-01-07 09:00:00,1,1,511.0,389.0,251.0,417.01,Medium,High
0,6,10,451,2025-01-07 10:00:00,1,1,386.0,511.0,389.0,410.43,High,High
0,6,11,299,2025-01-07 11:00:00,1,1,451.0,386.0,511.0,322.24,Medium,Medium
0,6,12,222,2025-01-07 12:00:00,1,1,299.0,451.0,386.0,286.55,Medium,Medium
0,6,13,465,2025-01-07 13:00:00,1,1,222.0,299.0,451.0,401.31,High,High
0,6,14,564,2025-01-07 14:00:00,1,1,465.0,222.0,299.0,325.73,High,Medium
0,6,15,346,2025-01-07 15:00:00,1,1,564.0,465.0,222.0,344.97,Medium,Medium
0,6,16,341,2025-01-07 16:00:00,1,1,346.0,564.0,465.0,361.32,Medium,Medium
0,6,17,528,2025-01-07 17:00:00,1,1,341.0,346.0,564.0,521.26,High,High
0,6,18,299,2025-01-07 18:00:00,1,1,528.0,341.0,346.0,373.48,Medium,Medium
0,6,19,617,2025-01-07 19:00:00,1,1,299.0,528.0,341.0,543.65,High,High
0,6,20,422,2025-01-07 20:00:00,1,1,617.0,299.0,528.0,444.8,High,High
0,6,21,490,2025-01-07 21:00:00,1,1,422.0,617.0,299.0,434.58,High,High
0,6,22,300,2025-01-07 22:00:00,1,1,490.0,422.0,617.0,338.95,Medium,Medium
0,6,23,259,2025-01-07 23:00:00,1,1,300.0,490.0,422.0,301.03,Medium,Medium
0,7,0,350,2025-01-08 00:00:00,2,1,259.0,300.0,490.0,380.4,Medium,Medium
0,7,1,555,2025-01-08 01:00:00,2,1,350.0,259.0,300.0,493.79,High,High
0,7,2,495,2025-01-08 02:00:00,2,1,555.0,350.0,259.0,432.1,High,High
0,7,3,366,2025-01-08 03:00:00,2,1,495.0,555.0,350.0,362.54,Medium,Medium
0,7,4,187,2025-01-08 04:00:00,2,1,366.0,495.0,555.0,249.37,Low,Medium
0,7,5,389,2025-01-08 05:00:00,2,1,187.0,366.0,495.0,380.84,Medium,Medium
0,7,6,223,2025-01-08 06:00:00,2,1,389.0,187.0,366.0,337.78,Medium,Medium
0,7,7,505,2025-01-08 07:00:00,2,1,223.0,389.0,187.0,539.21,High,High
0,7,8,323,2025-01-08 08:00:00,2,1,505.0,223.0,389.0,391.38,Medium,Medium
0,7,9,757,2025-01-08 09:00:00,2,1,323.0,505.0,223.0,679.74,High,High
0,7,10,463,2025-01-08 10:00:00,2,1,757.0,323.0,505.0,422.69,High,High
0,7,11,249,2025-01-08 11:00:00,2,1,463.0,757.0,323.0,301.84,Medium,Medium
0,7,12,197,2025-01-08 12:00:00,2,1,249.0,463.0,757.0,261.31,Low,Medium
0,7,13,164,2025-01-08 13:00:00,2,1,197.0,249.0,463.0,248.98,Low,Medium
0,7,14,362,2025-01-08 14:00:00,2,1,164.0,197.0,249.0,377.81,Medium,Medium
0,7,15,349,2025-01-08 15:00:00,2,1,362.0,164.0,197.0,359.96,Medium,Medium
0,7,16,150,2025-01-08 16:00:00,2,1,349.0,362.0,164.0,417.49,Low,High
0,7,17,421,2025-01-08 17:00:00,2,1,150.0,349.0,362.0,482.23,High,High
0,7,18,468,2025-01-08 18:00:00,2,1,421.0,150.0,349.0,473.39,High,High
0,7,19,571,2025-01-08 19:00:00,2,1,468.0,421.0,150.0,488.6,High,High
0,7,20,453,2025-01-08 20:00:00,2,1,571.0,468.0,421.0,387.88,High,Medium
0,7,21,292,2025-01-08 21:00:00,2,1,453.0,571.0,468.0,286.54,Medium,Medium
0,7,22,383,2025-01-08 22:00:00,2,1,292.0,453.0,571.0,373.61,Medium,Medium
0,7,23,277,2025-01-08 23:00:00,2,1,383.0,292.0,453.0,312.59,Medium,Medium
0,8,0,436,2025-01-09 00:00:00,3,1,277.0,383.0,292.0,376.68,High,Medium
0,8,1,326,2025-01-09 01:00:00,3,1,436.0,277.0,383.0,352.97,Medium,Medium
0,8,2,244,2025-01-09 02:00:00,3,1,326.0,436.0,277.0,250.96,Medium,Medium
0,8,3,474,2025-01-09 03:00:00,3,1,244.0,326.0,436.0,411.02,High,High
0,8,4,210,2025-01-09 04:00:00,3,1,474.0,244.0,326.0,264.27,Medium,Medium
0,8,5,467,2025-01-09 05:00:00,3,1,210.0,474.0,244.0,397.4,High,Medium
0,8,6,410,2025-01-09 06:00:00,3,1,467.0,210.0,474.0,350.34,High,Medium
0,8,7,691,2025-01-09 07:00:00,3,1,410.0,467.0,210.0,545.38,High,High
0,8,8,480,2025-01-09 08:00:00,3,1,691.0,410.0,467.0,497.83,High,High
0,8,9,601,2025-01-09 09:00:00,3,1,480.0,691.0,410.0,556.62,High,High
0,8,10,235,2025-01-09 10:00:00,3,1,601.0,480.0,691.0,264.56,Medium,Medium
0,8,11,534,2025-01-09 11:00:00,3,1,235.0,601.0,480.0,420.66,High,High
0,8,12,392,2025-01-09 12:00:00,3,1,534.0,235.0,601.0,396.3,Medium,Medium
0,8,13,230,2025-01-09 13:00:00,3,1,392.0,534.0,235.0,292.22,Medium,Medium
0,8,14,294,2025-01-09 14:00:00,3,1,230.0,392.0,534.0,304.49,Medium,Medium
0,8,15,503,2025-01-09 15:00:00,3,1,294.0,230.0,392.0,413.72,High,High
0,8,16,171,2025-01-09 16:00:00,3,1,503.0,294.0,230.0,341.42,Low,Medium
0,8,17,646,2025-01-09 17:00:00,3,1,171.0,503.0,294.0,478.62,High,High
0,8,18,407,2025-01-09 18:00:00,3,1,646.0,171.0,503.0,500.11,High,High
0,8,19,283,2025-01-09 19:00:00,3,1,407.0,646.0,171.0,330.71,Medium,Medium
0,8,20,378,2025-01-09 20:00:00,3,1,283.0,407.0,646.0,375.78,Medium,Medium
0,8,21,316,2025-01-09 21:00:00,3,1,378.0,283.0,407.0,322.67,Medium,Medium
0,8,22,556,2025-01-09 22:00:00,3,1,316.0,378.0,283.0,509.09,High,High
0,8,23,333,2025-01-09 23:00:00,3,1,556.0,316.0,378.0,398.06,Medium,Medium
0,9,0,518,2025-01-10 00:00:00,4,1,333.0,556.0,316.0,467.75,High,High
0,9,1,473,2025-01-10 01:00:00,4,1,518.0,333.0,556.0,432.0,High,High
0,9,2,491,2025-01-10 02:00:00,4,1,473.0,518.0,333.0,328.98,High,Medium
0,9,3,309,2025-01-10 03:00:00,4,1,491.0,473.0,518.0,315.56,Medium,Medium
0,9,4,223,2025-01-10 04:00:00,4,1,309.0,491.0,473.0,267.51,Medium,Medium
0,9,5,245,2025-01-10 05:00:00,4,1,223.0,309.0,491.0,371.51,Medium,Medium
0,9,6,470,2025-01-10 06:00:00,4,1,245.0,223.0,309.0,424.58,High,High
0,9,7,589,2025-01-10 07:00:00,4,1,470.0,245.0,223.0,549.02,High,High
0,9,8,548,2025-01-10 08:00:00,4,1,589.0,470.0,245.0,515.75,High,High
0,9,9,539,2025-01-10 09:00:00,4,1,548.0,589.0,470.0,507.9,High,High
0,9,10,212,2025-01-10 10:00:00,4,1,539.0,548.0,589.0,256.96,Medium,Medium
0,9,11,296,2025-01-10 11:00:00,4,1,212.0,539.0,548.0,282.66,Medium,Medium
0,9,12,415,2025-01-10 12:00:00,4,1,296.0,212.0,539.0,395.45,High,Medium
0,9,13,163,2025-01-10 13:00:00,4,1,415.0,296.0,212.0,258.38,Low,Medium
0,9,14,269,2025-01-10 14:00:00,4,1,163.0,415.0,296.0,325.1,Medium,Medium
0,9,15,456,2025-01-10 15:00:00,4,1,269.0,163.0,415.0,415.87,High,High
0,9,16,564,2025-01-10 16:00:00,4,1,456.0,269.0,163.0,477.58,High,High
0,9,17,344,2025-01-10 17:00:00,4,1,564.0,456.0,269.0,364.47,Medium,Medium
0,9,18,677,2025-01-10 18:00:00,4,1,344.0,564.0,456.0,635.97,High,High
0,9,19,650,2025-01-10 19:00:00,4,1,677.0,344.0,564.0,474.76,High,High
0,9,20,397,2025-01-10 20:00:00,4,1,650.0,677.0,344.0,374.63,Medium,Medium
0,9,21,262,2025-01-10 21:00:00,4,1,397.0,650.0,677.0,293.92,Medium,Medium
0,9,22,281,2025-01-10 22:00:00,4,1,262.0,397.0,650.0,326.91,Medium,Medium
0,9,23,465,2025-01-10 23:00:00,4,1,281.0,262.0,397.0,424.87,High,High
0,10,0,211,2025-01-11 00:00:00,5,1,465.0,281.0,262.0,287.34,Medium,Medium
0,10,1,534,2025-01-11 01:00:00,5,1,211.0,465.0,281.0,458.91,High,High
0,10,2,277,2025-01-11 02:00:00,5,1,534.0,211.0,465.0,289.72,Medium,Medium
0,10,3,386,2025-01-11 03:00:00,5,1,277.0,534.0,211.0,358.6,Medium,Medium
0,10,4,495,2025-01-11 04:00:00,5,1,386.0,277.0,534.0,361.89,High,Medium
0,10,5,157,2025-01-11 05:00:00,5,1,495.0,386.0,277.0,226.08,Low,Medium
0,10,6,371,2025-01-11 06:00:00,5,1,157.0,495.0,386.0,350.66,Medium,Medium
0,10,7,420,2025-01-11 07:00:00,5,1,371.0,157.0,495.0,548.19,High,High
0,10,8,364,2025-01-11 08:00:00,5,1,420.0,371.0,157.0,433.17,Medium,High
0,10,9,404,2025-01-11 09:00:00,5,1,364.0,420.0,371.0,519.41,High,High
0,10,10,499,2025-01-11 10:00:00,5,1,404.0,364.0,420.0,456.33,High,High
0,10,11,351,2025-01-11 11:00:00,5,1,499.0,404.0,364.0,345.98,Medium,Medium
0,10,12,189,2025-01-11 12:00:00,5,1,351.0,499.0,404.0,226.51,Low,Medium
0,10,13,514,2025-01-11 13:00:00,5,1,189.0,351.0,499.0,436.23,High,High
0,10,14,200,2025-01-11 14:00:00,5,1,514.0,189.0,351.0,276.05,Medium,Medium
0,10,15,293,2025-01-11 15:00:00,5,1,200.0,514.0,189.0,318.86,Medium,Medium
0,10,16,241,2025-01-11 16:00:00,5,1,293.0,200.0,514.0,355.9,Medium,Medium
0,10,17,552,2025-01-11 17:00:00,5,1,241.0,293.0,200.0,531.08,High,High
0,10,18,339,2025-01-11 18:00:00,5,1,552.0,241.0,293.0,359.19,Medium,Medium
0,10,19,626,2025-01-11 19:00:00,5,1,339.0,552.0,241.0,479.48,High,High
0,10,20,318,2025-01-11 20:00:00,5,1,626.0,339.0,552.0,427.65,Medium,High
0,10,21,406,2025-01-11 21:00:00,5,1,318.0,626.0,339.0,270.47,High,Medium
0,10,22,478,2025-01-11 22:00:00,5,1,406.0,318.0,626.0,430.97,High,High
0,10,23,231,2025-01-11 23:00:00,5,1,478.0,406.0,318.0,256.87,Medium,Medium
0,11,0,446,2025-01-12 00:00:00,6,1,231.0,478.0,406.0,431.81,High,High
0,11,1,478,2025-01-12 01:00:00,6,1,446.0,231.0,478.0,389.2,High,Medium
0,11,2,358,2025-01-12 02:00:00,6,1,478.0,446.0,231.0,364.82,Medium,Medium
0,11,3,413,2025-01-12 03:00:00,6,1,358.0,478.0,446.0,382.9,High,Medium
0,11,4,232,2025-01-12 04:00:00,6,1,413.0,358.0,478.0,275.34,Medium,Medium
0,11,5,373,2025-01-12 05:00:00,6,1,232.0,413.0,358.0,361.96,Medium,Medium
0,11,6,511,2025-01-12 06:00:00,6,1,373.0,232.0,413.0,431.18,High,High
0,11,7,295,2025-01-12 07:00:00,6,1,511.0,373.0,232.0,348.18,Medium,Medium
0,11,8,527,2025-01-12 08:00:00,6,1,295.0,511.0,373.0,498.39,High,High
0,11,9,238,2025-01-12 09:00:00,6,1,527.0,295.0,511.0,288.7,Medium,Medium
0,11,10,436,2025-01-12 10:00:00,6,1,238.0,527.0,295.0,410.61,High,High
0,11,11,514,2025-01-12 11:00:00,6,1,436.0,238.0,527.0,466.89,High,High
0,11,12,462,2025-01-12 12:00:00,6,1,514.0,436.0,238.0,406.78,High,High
0,11,13,544,2025-01-12 13:00:00,6,1,462.0,514.0,436.0,335.73,High,Medium
0,11,14,294,2025-01-12 14:00:00,6,1,544.0,462.0,514.0,316.24,Medium,Medium
0,11,15,320,2025-01-12 15:00:00,6,1,294.0,544.0,462.0,300.09,Medium,Medium
0,11,16,211,2025-01-12 16:00:00,6,1,320.0,294.0,544.0,245.06,Medium,Medium
0,11,17,586,2025-01-12 17:00:00,6,1,211.0,320.0,294.0,501.33,High,High
0,11,18,440,2025-01-12 18:00:00,6,1,586.0,211.0,320.0,446.4,High,High
0,11,19,285,2025-01-12 19:00:00,6,1,440.0,586.0,211.0,341.43,Medium,Medium
0,11,20,396,2025-01-12 20:00:00,6,1,285.0,440.0,586.0,376.75,Medium,Medium
0,11,21,205,2025-01-12 21:00:00,6,1,396.0,285.0,440.0,223.66,Medium,Medium
0,11,22,402,2025-01-12 22:00:00,6,1,205.0,396.0,285.0,333.2,High,Medium
0,11,23,386,2025-01-12 23:00:00,6,1,402.0,205.0,396.0,335.48,Medium,Medium
0,12,0,394,2025-01-13 00:00:00,0,1,386.0,402.0,205.0,376.75,Medium,Medium
0,12,1,196,2025-01-13 01:00:00,0,1,394.0,386.0,402.0,273.69,Low,Medium
0,12,2,217,2025-01-13 02:00:00,0,1,196.0,394.0,386.0,315.18,Medium,Medium
0,12,3,222,2025-01-13 03:00:00,0,1,217.0,196.0,394.0,260.61,Medium,Medium
0,12,4,220,2025-01-13 04:00:00,0,1,222.0,217.0,196.0,265.27,Medium,Medium
0,12,5,352,2025-01-13 05:00:00,0,1,220.0,222.0,217.0,331.13,Medium,Medium
0,12,6,287,2025-01-13 06:00:00,0,1,352.0,220.0,222.0,287.67,Medium,Medium
0,12,7,738,2025-01-13 07:00:00,0,1,287.0,352.0,220.0,676.99,High,High
0,12,8,436,2025-01-13 08:00:00,0,1,738.0,287.0,352.0,472.66,High,High
0,12,9,611,2025-01-13 09:00:00,0,1,436.0,738.0,287.0,570.13,High,High
0,12,10,565,2025-01-13 10:00:00,0,1,611.0,436.0,738.0,348.96,High,Medium
0,12,11,389,2025-01-13 11:00:00,0,1,565.0,611.0,436.0,344.04,Medium,Medium
0,12,12,374,2025-01-13 12:00:00,0,1,389.0,565.0,611.0,361.87,Medium,Medium
0,12,13,216,2025-01-13 13:00:00,0,1,374.0,389.0,565.0,269.92,Medium,Medium
0,12,14,218,2025-01-13 14:00:00,0,1,216.0,374.0,389.0,257.82,Medium,Medium
0,12,15,311,2025-01-13 15:00:00,0,1,218.0,216.0,374.0,318.72,Medium,Medium
0,12,16,359,2025-01-13 16:00:00,0,1,311.0,218.0,216.0,340.13,Medium,Medium
0,12,17,579,2025-01-13 17:00:00,0,1,359.0,311.0,218.0,549.29,High,High
0,12,18,394,2025-01-13 18:00:00,0,1,579.0,359.0,311.0,427.86,Medium,High
0,12,19,576,2025-01-13 19:00:00,0,1,394.0,579.0,359.0,559.64,High,High
0,12,20,489,2025-01-13 20:00:00,0,1,576.0,394.0,579.0,462.74,High,High
0,12,21,433,2025-01-13 21:00:00,0,1,489.0,576.0,394.0,374.02,High,Medium
0,12,22,271,2025-01-13 22:00:00,0,1,433.0,489.0,576.0,335.4,Medium,Medium
0,12,23,453,2025-01-13 23:00:00,0,1,271.0,433.0,489.0,415.36,High,High
0,13,0,304,2025-01-14 00:00:00,1,1,453.0,271.0,433.0,415.89,Medium,High
0,13,1,375,2025-01-14 01:00:00,1,1,304.0,453.0,271.0,379.15,Medium,Medium
0,13,2,555,2025-01-14 02:00:00,1,1,375.0,304.0,453.0,329.81,High,Medium
0,13,3,350,2025-01-14 03:00:00,1,1,555.0,375.0,304.0,346.45,Medium,Medium
0,13,4,183,2025-01-14 04:00:00,1,1,350.0,555.0,375.0,267.56,Low,Medium
0,13,5,460,2025-01-14 05:00:00,1,1,183.0,350.0,555.0,432.45,High,High
0,13,6,373,2025-01-14 06:00:00,1,1,460.0,183.0,350.0,358.48,Medium,Medium
0,13,7,648,2025-01-14 07:00:00,1,1,373.0,460.0,183.0,599.68,High,High
0,13,8,459,2025-01-14 08:00:00,1,1,648.0,373.0,460.0,492.09,High,High
0,13,9,366,2025-01-14 09:00:00,1,1,459.0,648.0,373.0,458.13,Medium,High
0,13,10,519,2025-01-14 10:00:00,1,1,366.0,459.0,648.0,442.54,High,High
0,13,11,562,2025-01-14 11:00:00,1,1,519.0,366.0,459.0,349.48,High,Medium
0,13,12,174,2025-01-14 12:00:00,1,1,562.0,519.0,366.0,231.35,Low,Medium
0,13,13,299,2025-01-14 13:00:00,1,1,174.0,562.0,519.0,335.9,Medium,Medium
0,13,14,190,2025-01-14 14:00:00,1,1,299.0,174.0,562.0,278.28,Low,Medium
0,13,15,198,2025-01-14 15:00:00,1,1,190.0,299.0,174.0,333.37,Low,Medium
0,13,16,591,2025-01-14 16:00:00,1,1,198.0,190.0,299.0,496.96,High,High
0,13,17,453,2025-01-14 17:00:00,1,1,591.0,198.0,190.0,452.18,High,High
0,13,18,436,2025-01-14 18:00:00,1,1,453.0,591.0,198.0,445.61,High,High
0,13,19,420,2025-01-14 19:00:00,1,1,436.0,453.0,591.0,553.11,High,High
0,13,20,181,2025-01-14 20:00:00,1,1,420.0,436.0,453.0,336.66,Low,Medium
0,13,21,358,2025-01-14 21:00:00,1,1,181.0,420.0,436.0,349.72,Medium,Medium
0,13,22,285,2025-01-14 22:00:00,1,1,358.0,181.0,420.0,314.09,Medium,Medium
0,13,23,308,2025-01-14 23:00:00,1,1,285.0,358.0,181.0,367.05,Medium,Medium
1,0,0,541,2025-01-15 00:00:00,2,1,308.0,285.0,358.0,463.26,High,High
1,0,1,447,2025-01-15 01:00:00,2,1,541.0,308.0,285.0,422.34,High,High
1,0,2,132,2025-01-15 02:00:00,2,1,447.0,541.0,308.0,205.22,Low,Medium
1,0,3,301,2025-01-15 03:00:00,2,1,132.0,447.0,541.0,337.08,Medium,Medium
1,0,4,445,2025-01-15 04:00:00,2,1,301.0,132.0,447.0,417.15,High,High
1,0,5,528,2025-01-15 05:00:00,2,1,445.0,301.0,132.0,469.19,High,High
1,0,6,457,2025-01-15 06:00:00,2,1,528.0,445.0,301.0,396.21,High,Medium
1,0,7,570,2025-01-15 07:00:00,2,1,457.0,528.0,445.0,558.47,High,High
1,0,8,366,2025-01-15 08:00:00,2,1,570.0,457.0,528.0,415.56,Medium,High
1,0,9,427,2025-01-15 09:00:00,2,1,366.0,570.0,457.0,464.58,High,High
1,0,10,434,2025-01-15 10:00:00,2,1,427.0,366.0,570.0,433.69,High,High
1,0,11,516,2025-01-15 11:00:00,2,1,434.0,427.0,366.0,453.81,High,High
1,0,12,356,2025-01-15 12:00:00,2,1,516.0,434.0,427.0,346.62,Medium,Medium
1,0,13,390,2025-01-15 13:00:00,2,1,356.0,516.0,434.0,376.57,Medium,Medium
1,0,14,156,2025-01-15 14:00:00,2,1,390.0,356.0,516.0,377.93,Low,Medium
1,0,15,291,2025-01-15 15:00:00,2,1,156.0,390.0,356.0,383.94,Medium,Medium
1,0,16,284,2025-01-15 16:00:00,2,1,291.0,156.0,390.0,316.85,Medium,Medium
1,0,17,566,2025-01-15 17:00:00,2,1,284.0,291.0,156.0,524.97,High,High
1,0,18,404,2025-01-15 18:00:00,2,1,566.0,284.0,291.0,403.59,High,High
1,0,19,642,2025-01-15 19:00:00,2,1,404.0,566.0,284.0,495.06,High,High
1,0,20,498,2025-01-15 20:00:00,2,1,642.0,404.0,566.0,457.8,High,High
1,0,21,102,2025-01-15 21:00:00,2,1,498.0,642.0,404.0,343.16,Low,Medium
1,0,22,508,2025-01-15 22:00:00,2,1,102.0,498.0,642.0,431.0,High,High
1,0,23,314,2025-01-15 23:00:00,2,1,508.0,102.0,498.0,339.19,Medium,Medium
1,1,0,443,2025-01-16 00:00:00,3,1,314.0,508.0,102.0,411.54,High,High
1,1,1,221,2025-01-16 01:00:00,3,1,443.0,314.0,508.0,303.68,Medium,Medium
1,1,2,200,2025-01-16 02:00:00,3,1,221.0,443.0,314.0,240.24,Medium,Medium
1,1,3,303,2025-01-16 03:00:00,3,1,200.0,221.0,443.0,360.97,Medium,Medium
1,1,4,332,2025-01-16 04:00:00,3,1,303.0,200.0,221.0,323.58,Medium,Medium
1,1,5,422,2025-01-16 05:00:00,3,1,332.0,303.0,200.0,388.5,High,Medium
1,1,6,263,2025-01-16 06:00:00,3,1,422.0,332.0,303.0,292.21,Medium,Medium
1,1,7,565,2025-01-16 07:00:00,3,1,263.0,422.0,332.0,546.98,High,High
1,1,8,572,2025-01-16 08:00:00,3,1,565.0,263.0,422.0,553.11,High,High
1,1,9,403,2025-01-16 09:00:00,3,1,572.0,565.0,263.0,436.66,High,High
1,1,10,194,2025-01-16 10:00:00,3,1,403.0,572.0,565.0,223.63,Low,Medium
1,1,11,127,2025-01-16 11:00:00,3,1,194.0,403.0,572.0,278.0,Low,Medium
1,1,12,153,2025-01-16 12:00:00,3,1,127.0,194.0,403.0,213.71,Low,Medium
1,1,13,475,2025-01-16 13:00:00,3,1,153.0,127.0,194.0,443.73,High,High
1,1,14,329,2025-01-16 14:00:00,3,1,475.0,153.0,127.0,350.3,Medium,Medium
1,1,15,184,2025-01-16 15:00:00,3,1,329.0,475.0,153.0,267.37,Low,Medium
1,1,16,338,2025-01-16 16:00:00,3,1,184.0,329.0,475.0,335.48,Medium,Medium
1,1,17,708,2025-01-16 17:00:00,3,1,338.0,184.0,329.0,454.18,High,High
1,1,18,471,2025-01-16 18:00:00,3,1,708.0,338.0,184.0,458.11,High,High
1,1,19,328,2025-01-16 19:00:00,3,1,471.0,708.0,338.0,371.49,Medium,Medium
1,1,20,482,2025-01-16 20:00:00,3,1,328.0,471.0,708.0,398.24,High,Medium
1,1,21,196,2025-01-16 21:00:00,3,1,482.0,328.0,471.0,366.12,Low,Medium
1,1,22,344,2025-01-16 22:00:00,3,1,196.0,482.0,328.0,365.91,Medium,Medium
1,1,23,304,2025-01-16 23:00:00,3,1,344.0,196.0,482.0,338.37,Medium,Medium
1,2,0,359,2025-01-17 00:00:00,4,1,304.0,344.0,196.0,357.95,Medium,Medium
1,2,1,390,2025-01-17 01:00:00,4,1,359.0,304.0,344.0,385.23,Medium,Medium
1,2,2,316,2025-01-17 02:00:00,4,1,390.0,359.0,304.0,293.3,Medium,Medium
1,2,3,387,2025-01-17 03:00:00,4,1,316.0,390.0,359.0,367.92,Medium,Medium
1,2,4,347,2025-01-17 04:00:00,4,1,387.0,316.0,390.0,302.9,Medium,Medium
1,2,5,541,2025-01-17 05:00:00,4,1,347.0,387.0,316.0,412.82,High,High
1,2,6,139,2025-01-17 06:00:00,4,1,541.0,347.0,387.0,225.79,Low,Medium
1,2,7,395,2025-01-17 07:00:00,4,1,139.0,541.0,347.0,436.6,Medium,High
1,2,8,651,2025-01-17 08:00:00,4,1,395.0,139.0,541.0,622.86,High,High
1,2,9,654,2025-01-17 09:00:00,4,1,651.0,395.0,139.0,586.73,High,High
1,2,10,164,2025-01-17 10:00:00,4,1,654.0,651.0,395.0,319.26,Low,Medium
1,2,11,389,2025-01-17 11:00:00,4,1,164.0,654.0,651.0,350.68,Medium,Medium
1,2,12,250,2025-01-17 12:00:00,4,1,389.0,164.0,654.0,302.02,Medium,Medium
1,2,13,537,2025-01-17 13:00:00,4,1,250.0,389.0,164.0,497.45,High,High
1,2,14,340,2025-01-17 14:00:00,4,1,537.0,250.0,389.0,346.19,Medium,Medium
1,2,15,386,2025-01-17 15:00:00,4,1,340.0,537.0,250.0,361.52,Medium,Medium
1,2,16,450,2025-01-17 16:00:00,4,1,386.0,340.0,537.0,398.95,High,Medium
1,2,17,543,2025-01-17 17:00:00,4,1,450.0,386.0,340.0,499.84,High,High
1,2,18,501,2025-01-17 18:00:00,4,1,543.0,450.0,386.0,491.0,High,High
1,2,19,540,2025-01-17 19:00:00,4,1,501.0,543.0,450.0,535.93,High,High
1,2,20,352,2025-01-17 20:00:00,4,1,540.0,501.0,543.0,372.41,Medium,Medium
1,2,21,295,2025-01-17 21:00:00,4,1,352.0,540.0,501.0,257.23,Medium,Medium
1,2,22,504,2025-01-17 22:00:00,4,1,295.0,352.0,540.0,469.68,High,High
1,2,23,415,2025-01-17 23:00:00,4,1,504.0,295.0,352.0,380.96,High,Medium
1,3,0,390,2025-01-18 00:00:00,5,1,415.0,504.0,295.0,371.47,Medium,Medium
1,3,1,234,2025-01-18 01:00:00,5,1,390.0,415.0,504.0,319.18,Medium,Medium
1,3,2,174,2025-01-18 02:00:00,5,1,234.0,390.0,415.0,224.82,Low,Medium
1,3,3,337,2025-01-18 03:00:00,5,1,174.0,234.0,390.0,331.35,Medium,Medium
1,3,4,198,2025-01-18 04:00:00,5,1,337.0,174.0,234.0,267.9,Low,Medium
1,3,5,261,2025-01-18 05:00:00,5,1,198.0,337.0,174.0,295.98,Medium,Medium
1,3,6,465,2025-01-18 06:00:00,5,1,261.0,198.0,337.0,426.3,High,High
1,3,7,422,2025-01-18 07:00:00,5,1,465.0,261.0,198.0,459.69,High,High
1,3,8,407,2025-01-18 08:00:00,5,1,422.0,465.0,261.0,462.84,High,High
1,3,9,599,2025-01-18 09:00:00,5,1,407.0,422.0,465.0,568.99,High,High
1,3,10,224,2025-01-18 10:00:00,5,1,599.0,407.0,422.0,286.65,Medium,Medium
1,3,11,265,2025-01-18 11:00:00,5,1,224.0,599.0,407.0,291.63,Medium,Medium
1,3,12,163,2025-01-18 12:00:00,5,1,265.0,224.0,599.0,366.85,Low,Medium
1,3,13,382,2025-01-18 13:00:00,5,1,163.0,265.0,224.0,391.37,Medium,Medium
1,3,14,219,2025-01-18 14:00:00,5,1,382.0,163.0,265.0,280.14,Medium,Medium
1,3,15,527,2025-01-18 15:00:00,5,1,219.0,382.0,163.0,385.0,High,Medium
1,3,16,431,2025-01-18 16:00:00,5,1,527.0,219.0,382.0,399.09,High,Medium
1,3,17,385,2025-01-18 17:00:00,5,1,431.0,527.0,219.0,407.75,Medium,High
1,3,18,477,2025-01-18 18:00:00,5,1,385.0,431.0,527.0,512.78,High,High
1,3,19,357,2025-01-18 19:00:00,5,1,477.0,385.0,431.0,426.29,Medium,High
1,3,20,390,2025-01-18 20:00:00,5,1,357.0,477.0,385.0,282.13,Medium,Medium
1,3,21,562,2025-01-18 21:00:00,5,1,390.0,357.0,477.0,320.06,High,Medium
1,3,22,224,2025-01-18 22:00:00,5,1,562.0,390.0,357.0,288.11,Medium,Medium
1,3,23,239,2025-01-18 23:00:00,5,1,224.0,562.0,390.0,252.89,Medium,Medium
1,4,0,388,2025-01-19 00:00:00,6,1,239.0,224.0,562.0,385.19,Medium,Medium
1,4,1,442,2025-01-19 01:00:00,6,1,388.0,239.0,224.0,416.33,High,High
1,4,2,278,2025-01-19 02:00:00,6,1,442.0,388.0,239.0,320.51,Medium,Medium
1,4,3,463,2025-01-19 03:00:00,6,1,278.0,442.0,388.0,431.51,High,High
1,4,4,496,2025-01-19 04:00:00,6,1,463.0,278.0,442.0,434.53,High,High
1,4,5,444,2025-01-19 05:00:00,6,1,496.0,463.0,278.0,381.41,High,Medium
1,4,6,463,2025-01-19 06:00:00,6,1,444.0,496.0,463.0,439.85,High,High
1,4,7,551,2025-01-19 07:00:00,6,1,463.0,444.0,496.0,556.32,High,High
1,4,8,330,2025-01-19 08:00:00,6,1,551.0,463.0,444.0,483.43,Medium,High
1,4,9,360,2025-01-19 09:00:00,6,1,330.0,551.0,463.0,401.65,Medium,High
1,4,10,496,2025-01-19 10:00:00,6,1,360.0,330.0,551.0,445.52,High,High
1,4,11,299,2025-01-19 11:00:00,6,1,496.0,360.0,330.0,338.03,Medium,Medium
1,4,12,445,2025-01-19 12:00:00,6,1,299.0,496.0,360.0,389.3,High,Medium
1,4,13,526,2025-01-19 13:00:00,6,1,445.0,299.0,496.0,374.07,High,Medium
1,4,14,201,2025-01-19 14:00:00,6,1,526.0,445.0,299.0,283.56,Medium,Medium
1,4,15,413,2025-01-19 15:00:00,6,1,201.0,526.0,445.0,340.09,High,Medium
1,4,16,346,2025-01-19 16:00:00,6,1,413.0,201.0,526.0,351.35,Medium,Medium
1,4,17,553,2025-01-19 17:00:00,6,1,346.0,413.0,201.0,510.86,High,High
1,4,18,460,2025-01-19 18:00:00,6,1,553.0,346.0,413.0,475.88,High,High
1,4,19,461,2025-01-19 19:00:00,6,1,460.0,553.0,346.0,448.87,High,High
1,4,20,268,2025-01-19 20:00:00,6,1,461.0,460.0,553.0,280.61,Medium,Medium
1,4,21,488,2025-01-19 21:00:00,6,1,268.0,461.0,460.0,276.17,High,Medium
1,4,22,110,2025-01-19 22:00:00,6,1,488.0,268.0,461.0,146.27,Low,Low
1,4,23,462,2025-01-19 23:00:00,6,1,110.0,488.0,268.0,408.92,High,High
1,5,0,307,2025-01-20 00:00:00,0,1,462.0,110.0,488.0,345.08,Medium,Medium
1,5,1,389,2025-01-20 01:00:00,0,1,307.0,462.0,110.0,384.59,Medium,Medium
1,5,2,320,2025-01-20 02:00:00,0,1,389.0,307.0,462.0,307.3,Medium,Medium
1,5,3,223,2025-01-20 03:00:00,0,1,320.0,389.0,307.0,282.44,Medium,Medium
1,5,4,210,2025-01-20 04:00:00,0,1,223.0,320.0,389.0,255.18,Medium,Medium
1,5,5,380,2025-01-20 05:00:00,0,1,210.0,223.0,320.0,356.63,Medium,Medium
1,5,6,232,2025-01-20 06:00:00,0,1,380.0,210.0,223.0,289.61,Medium,Medium
1,5,7,537,2025-01-20 07:00:00,0,1,232.0,380.0,210.0,545.91,High,High
1,5,8,525,2025-01-20 08:00:00,0,1,537.0,232.0,380.0,525.14,High,High
1,5,9,343,2025-01-20 09:00:00,0,1,525.0,537.0,232.0,441.31,Medium,High
1,5,10,490,2025-01-20 10:00:00,0,1,343.0,525.0,537.0,422.19,High,High
1,5,11,181,2025-01-20 11:00:00,0,1,490.0,343.0,525.0,247.5,Low,Medium
1,5,12,266,2025-01-20 12:00:00,0,1,181.0,490.0,343.0,336.14,Medium,Medium
1,5,13,426,2025-01-20 13:00:00,0,1,266.0,181.0,490.0,374.6,High,Medium
1,5,14,197,2025-01-20 14:00:00,0,1,426.0,266.0,181.0,261.22,Low,Medium
1,5,15,394,2025-01-20 15:00:00,0,1,197.0,426.0,266.0,376.06,Medium,Medium
1,5,16,305,2025-01-20 16:00:00,0,1,394.0,197.0,426.0,334.35,Medium,Medium
1,5,17,493,2025-01-20 17:00:00,0,1,305.0,394.0,197.0,505.61,High,High
1,5,18,655,2025-01-20 18:00:00,0,1,493.0,305.0,394.0,582.04,High,High
1,5,19,565,2025-01-20 19:00:00,0,1,655.0,493.0,305.0,535.09,High,High
1,5,20,240,2025-01-20 20:00:00,0,1,565.0,655.0,493.0,301.93,Medium,Medium
1,5,21,160,2025-01-20 21:00:00,0,1,240.0,565.0,655.0,226.04,Low,Medium
1,5,22,363,2025-01-20 22:00:00,0,1,160.0,240.0,565.0,387.04,Medium,Medium
1,5,23,310,2025-01-20 23:00:00,0,1,363.0,160.0,240.0,340.18,Medium,Medium
1,6,0,403,2025-01-21 00:00:00,1,1,310.0,363.0,160.0,393.52,High,Medium
1,6,1,352,2025-01-21 01:00:00,1,1,403.0,310.0,363.0,342.54,Medium,Medium
1,6,2,281,2025-01-21 02:00:00,1,1,352.0,403.0,310.0,253.16,Medium,Medium
1,6,3,326,2025-01-21 03:00:00,1,1,281.0,352.0,403.0,336.75,Medium,Medium
1,6,4,213,2025-01-21 04:00:00,1,1,326.0,281.0,352.0,259.57,Medium,Medium
1,6,5,264,2025-01-21 05:00:00,1,1,213.0,326.0,281.0,287.2,Medium,Medium
1,6,6,510,2025-01-21 06:00:00,1,1,264.0,213.0,326.0,358.1,High,Medium
1,6,7,399,2025-01-21 07:00:00,1,1,510.0,264.0,213.0,417.69,Medium,High
1,6,8,625,2025-01-21 08:00:00,1,1,399.0,510.0,264.0,580.69,High,High
1,6,9,208,2025-01-21 09:00:00,1,1,625.0,399.0,510.0,334.73,Medium,Medium
1,6,10,232,2025-01-21 10:00:00,1,1,208.0,625.0,399.0,255.88,Medium,Medium
1,6,11,354,2025-01-21 11:00:00,1,1,232.0,208.0,625.0,368.73,Medium,Medium
1,6,12,491,2025-01-21 12:00:00,1,1,354.0,232.0,208.0,438.45,High,High
1,6,13,484,2025-01-21 13:00:00,1,1,491.0,354.0,232.0,359.33,High,Medium
1,6,14,379,2025-01-21 14:00:00,1,1,484.0,491.0,354.0,355.66,Medium,Medium
1,6,15,245,2025-01-21 15:00:00,1,1,379.0,484.0,491.0,350.35,Medium,Medium
1,6,16,339,2025-01-21 16:00:00,1,1,245.0,379.0,484.0,348.06,Medium,Medium
1,6,17,557,2025-01-21 17:00:00,1,1,339.0,245.0,379.0,530.92,High,High
1,6,18,368,2025-01-21 18:00:00,1,1,557.0,339.0,245.0,376.42,Medium,Medium
1,6,19,368,2025-01-21 19:00:00,1,1,368.0,557.0,339.0,437.78,Medium,High
1,6,20,195,2025-01-21 20:00:00,1,1,368.0,368.0,557.0,406.05,Low,High
1,6,21,191,2025-01-21 21:00:00,1,1,195.0,368.0,368.0,446.34,Low,High
1,6,22,559,2025-01-21 22:00:00,1,1,191.0,195.0,368.0,465.3,High,High
1,6,23,349,2025-01-21 23:00:00,1,1,559.0,191.0,195.0,363.8,Medium,Medium
1,7,0,309,2025-01-22 00:00:00,2,1,349.0,559.0,191.0,355.75,Medium,Medium
1,7,1,295,2025-01-22 01:00:00,2,1,309.0,349.0,559.0,336.87,Medium,Medium
1,7,2,140,2025-01-22 02:00:00,2,1,295.0,309.0,349.0,223.36,Low,Medium
1,7,3,550,2025-01-22 03:00:00,2,1,140.0,295.0,309.0,462.89,High,High
1,7,4,181,2025-01-22 04:00:00,2,1,550.0,140.0,295.0,253.73,Low,Medium
1,7,5,205,2025-01-22 05:00:00,2,1,181.0,550.0,140.0,267.02,Medium,Medium
1,7,6,304,2025-01-22 06:00:00,2,1,205.0,181.0,550.0,326.97,Medium,Medium
1,7,7,705,2025-01-22 07:00:00,2,1,304.0,205.0,181.0,653.25,High,High
1,7,8,622,2025-01-22 08:00:00,2,1,705.0,304.0,205.0,576.37,High,High
1,7,9,548,2025-01-22 09:00:00,2,1,622.0,705.0,304.0,534.29,High,High
1,7,10,440,2025-01-22 10:00:00,2,1,548.0,622.0,705.0,317.17,High,Medium
1,7,11,269,2025-01-22 11:00:00,2,1,440.0,548.0,622.0,311.45,Medium,Medium
1,7,12,366,2025-01-22 12:00:00,2,1,269.0,440.0,548.0,284.42,Medium,Medium
1,7,13,214,2025-01-22 13:00:00,2,1,366.0,269.0,440.0,275.49,Medium,Medium
1,7,14,523,2025-01-22 14:00:00,2,1,214.0,366.0,269.0,451.95,High,High
1,7,15,510,2025-01-22 15:00:00,2,1,523.0,214.0,366.0,354.35,High,Medium
1,7,16,217,2025-01-22 16:00:00,2,1,510.0,523.0,214.0,256.9,Medium,Medium
1,7,17,646,2025-01-22 17:00:00,2,1,217.0,510.0,523.0,608.43,High,High
1,7,18,576,2025-01-22 18:00:00,2,1,646.0,217.0,510.0,538.46,High,High
1,7,19,472,2025-01-22 19:00:00,2,1,576.0,646.0,217.0,380.97,High,Medium
1,7,20,174,2025-01-22 20:00:00,2,1,472.0,576.0,646.0,241.68,Low,Medium
1,7,21,327,2025-01-22 21:00:00,2,1,174.0,472.0,576.0,361.26,Medium,Medium
1,7,22,504,2025-01-22 22:00:00,2,1,327.0,174.0,472.0,321.04,High,Medium
1,7,23,393,2025-01-22 23:00:00,2,1,504.0,327.0,174.0,400.68,Medium,High
1,8,0,181,2025-01-23 00:00:00,3,1,393.0,504.0,327.0,415.54,Low,High
1,8,1,326,2025-01-23 01:00:00,3,1,181.0,393.0,504.0,344.08,Medium,Medium
1,8,2,217,2025-01-23 02:00:00,3,1,326.0,181.0,393.0,256.07,Medium,Medium
1,8,3,371,2025-01-23 03:00:00,3,1,217.0,326.0,181.0,310.56,Medium,Medium
1,8,4,309,2025-01-23 04:00:00,3,1,371.0,217.0,326.0,320.16,Medium,Medium
1,8,5,175,2025-01-23 05:00:00,3,1,309.0,371.0,217.0,238.66,Low,Medium
1,8,6,315,2025-01-23 06:00:00,3,1,175.0,309.0,371.0,332.72,Medium,Medium
1,8,7,401,2025-01-23 07:00:00,3,1,315.0,175.0,309.0,456.56,High,High
1,8,8,384,2025-01-23 08:00:00,3,1,401.0,315.0,175.0,510.28,Medium,High
1,8,9,493,2025-01-23 09:00:00,3,1,384.0,401.0,315.0,503.98,High,High
1,8,10,223,2025-01-23 10:00:00,3,1,493.0,384.0,401.0,264.03,Medium,Medium
1,8,11,146,2025-01-23 11:00:00,3,1,223.0,493.0,384.0,203.48,Low,Medium
1,8,12,202,2025-01-23 12:00:00,3,1,146.0,223.0,493.0,251.42,Medium,Medium
1,8,13,456,2025-01-23 13:00:00,3,1,202.0,146.0,223.0,365.49,High,Medium
1,8,14,402,2025-01-23 14:00:00,3,1,456.0,202.0,146.0,406.52,High,High
1,8,15,531,2025-01-23 15:00:00,3,1,402.0,456.0,202.0,467.27,High,High
1,8,16,390,2025-01-23 16:00:00,3,1,531.0,402.0,456.0,351.59,Medium,Medium
1,8,17,766,2025-01-23 17:00:00,3,1,390.0,531.0,402.0,673.38,High,High
1,8,18,213,2025-01-23 18:00:00,3,1,766.0,390.0,531.0,327.8,Medium,Medium
1,8,19,508,2025-01-23 19:00:00,3,1,213.0,766.0,390.0,512.81,High,High
1,8,20,497,2025-01-23 20:00:00,3,1,508.0,213.0,766.0,384.44,High,Medium
1,8,21,268,2025-01-23 21:00:00,3,1,497.0,508.0,213.0,304.1,Medium,Medium
1,8,22,247,2025-01-23 22:00:00,3,1,268.0,497.0,508.0,280.45,Medium,Medium
1,8,23,490,2025-01-23 23:00:00,3,1,247.0,268.0,497.0,377.39,High,Medium
1,9,0,380,2025-01-24 00:00:00,4,1,490.0,247.0,268.0,359.76,Medium,Medium
1,9,1,521,2025-01-24 01:00:00,4,1,380.0,490.0,247.0,480.98,High,High
1,9,2,171,2025-01-24 02:00:00,4,1,521.0,380.0,490.0,241.24,Low,Medium
1,9,3,287,2025-01-24 03:00:00,4,1,171.0,521.0,380.0,314.73,Medium,Medium
1,9,4,472,2025-01-24 04:00:00,4,1,287.0,171.0,521.0,420.14,High,High
1,9,5,476,2025-01-24 05:00:00,4,1,472.0,287.0,171.0,398.94,High,Medium
1,9,6,384,2025-01-24 06:00:00,4,1,476.0,472.0,287.0,330.07,Medium,Medium
1,9,7,649,2025-01-24 07:00:00,4,1,384.0,476.0,472.0,627.96,High,High
1,9,8,711,2025-01-24 08:00:00,4,1,649.0,384.0,476.0,615.51,High,High
1,9,9,309,2025-01-24 09:00:00,4,1,711.0,649.0,384.0,400.43,Medium,High
1,9,10,139,2025-01-24 10:00:00,4,1,309.0,711.0,649.0,211.8,Low,Medium
1,9,11,440,2025-01-24 11:00:00,4,1,139.0,309.0,711.0,384.26,High,Medium
1,9,12,222,2025-01-24 12:00:00,4,1,440.0,139.0,309.0,256.59,Medium,Medium
1,9,13,519,2025-01-24 13:00:00,4,1,222.0,440.0,139.0,473.79,High,High
1,9,14,379,2025-01-24 14:00:00,4,1,519.0,222.0,440.0,374.71,Medium,Medium
1,9,15,444,2025-01-24 15:00:00,4,1,379.0,519.0,222.0,397.38,High,Medium
1,9,16,474,2025-01-24 16:00:00,4,1,444.0,379.0,519.0,428.94,High,High
1,9,17,368,2025-01-24 17:00:00,4,1,474.0,444.0,379.0,457.43,Medium,High
1,9,18,660,2025-01-24 18:00:00,4,1,368.0,474.0,444.0,643.39,High,High
1,9,19,430,2025-01-24 19:00:00,4,1,660.0,368.0,474.0,481.07,High,High
1,9,20,164,2025-01-24 20:00:00,4,1,430.0,660.0,368.0,217.37,Low,Medium
1,9,21,229,2025-01-24 21:00:00,4,1,164.0,430.0,660.0,269.39,Medium,Medium
1,9,22,205,2025-01-24 22:00:00,4,1,229.0,164.0,430.0,257.19,Medium,Medium
1,9,23,466,2025-01-24 23:00:00,4,1,205.0,229.0,164.0,432.57,High,High
1,10,0,407,2025-01-25 00:00:00,5,1,466.0,205.0,229.0,331.01,High,Medium
1,10,1,437,2025-01-25 01:00:00,5,1,407.0,466.0,205.0,423.97,High,High
1,10,2,261,2025-01-25 02:00:00,5,1,437.0,407.0,466.0,254.38,Medium,Medium
1,10,3,474,2025-01-25 03:00:00,5,1,261.0,437.0,407.0,434.65,High,High
1,10,4,176,2025-01-25 04:00:00,5,1,474.0,261.0,437.0,260.64,Low,Medium
1,10,5,268,2025-01-25 05:00:00,5,1,176.0,474.0,261.0,294.82,Medium,Medium
1,10,6,389,2025-01-25 06:00:00,5,1,268.0,176.0,474.0,390.97,Medium,Medium
1,10,7,611,2025-01-25 07:00:00,5,1,389.0,268.0,176.0,588.4,High,High
1,10,8,481,2025-01-25 08:00:00,5,1,611.0,389.0,268.0,474.31,High,High
1,10,9,416,2025-01-25 09:00:00,5,1,481.0,611.0,389.0,445.63,High,High
1,10,10,302,2025-01-25 10:00:00,5,1,416.0,481.0,611.0,314.65,Medium,Medium
1,10,11,172,2025-01-25 11:00:00,5,1,302.0,416.0,481.0,229.59,Low,Medium
1,10,12,349,2025-01-25 12:00:00,5,1,172.0,302.0,416.0,362.54,Medium,Medium
1,10,13,204,2025-01-25 13:00:00,5,1,349.0,172.0,302.0,261.12,Medium,Medium
1,10,14,142,2025-01-25 14:00:00,5,1,204.0,349.0,172.0,259.39,Low,Medium
1,10,15,481,2025-01-25 15:00:00,5,1,142.0,204.0,349.0,424.4,High,High
1,10,16,356,2025-01-25 16:00:00,5,1,481.0,142.0,204.0,343.34,Medium,Medium
1,10,17,393,2025-01-25 17:00:00,5,1,356.0,481.0,142.0,423.48,Medium,High
1,10,18,450,2025-01-25 18:00:00,5,1,393.0,356.0,481.0,590.21,High,High
1,10,19,683,2025-01-25 19:00:00,5,1,450.0,393.0,356.0,594.3,High,High
1,10,20,250,2025-01-25 20:00:00,5,1,683.0,450.0,393.0,354.61,Medium,Medium
1,10,21,113,2025-01-25 21:00:00,5,1,250.0,683.0,450.0,189.06,Low,Low
1,10,22,295,2025-01-25 22:00:00,5,1,113.0,250.0,683.0,366.25,Medium,Medium
1,10,23,489,2025-01-25 23:00:00,5,1,295.0,113.0,250.0,341.8,High,Medium
1,11,0,526,2025-01-26 00:00:00,6,1,489.0,295.0,113.0,476.89,High,High
1,11,1,501,2025-01-26 01:00:00,6,1,526.0,489.0,295.0,466.16,High,High
1,11,2,551,2025-01-26 02:00:00,6,1,501.0,526.0,489.0,454.16,High,High
1,11,3,297,2025-01-26 03:00:00,6,1,551.0,501.0,526.0,320.19,Medium,Medium
1,11,4,263,2025-01-26 04:00:00,6,1,297.0,551.0,501.0,335.09,Medium,Medium
1,11,5,388,2025-01-26 05:00:00,6,1,263.0,297.0,551.0,389.58,Medium,Medium
1,11,6,213,2025-01-26 06:00:00,6,1,388.0,263.0,297.0,243.65,Medium,Medium
1,11,7,703,2025-01-26 07:00:00,6,1,213.0,388.0,263.0,631.91,High,High
1,11,8,483,2025-01-26 08:00:00,6,1,703.0,213.0,388.0,474.02,High,High
1,11,9,408,2025-01-26 09:00:00,6,1,483.0,703.0,213.0,427.83,High,High
1,11,10,377,2025-01-26 10:00:00,6,1,408.0,483.0,703.0,353.12,Medium,Medium
1,11,11,416,2025-01-26 11:00:00,6,1,377.0,408.0,483.0,328.51,High,Medium
1,11,12,424,2025-01-26 12:00:00,6,1,416.0,377.0,408.0,399.79,High,Medium
1,11,13,187,2025-01-26 13:00:00,6,1,424.0,416.0,377.0,243.13,Low,Medium
1,11,14,183,2025-01-26 14:00:00,6,1,187.0,424.0,416.0,257.57,Low,Medium
1,11,15,496,2025-01-26 15:00:00,6,1,183.0,187.0,424.0,453.45,High,High
1,11,16,304,2025-01-26 16:00:00,6,1,496.0,183.0,187.0,320.2,Medium,Medium
1,11,17,268,2025-01-26 17:00:00,6,1,304.0,496.0,183.0,326.81,Medium,Medium
1,11,18,590,2025-01-26 18:00:00,6,1,268.0,304.0,496.0,539.99,High,High
1,11,19,701,2025-01-26 19:00:00,6,1,590.0,268.0,304.0,599.34,High,High
1,11,20,329,2025-01-26 20:00:00,6,1,701.0,590.0,268.0,344.72,Medium,Medium
1,11,21,264,2025-01-26 21:00:00,6,1,329.0,701.0,590.0,320.54,Medium,Medium
1,11,22,397,2025-01-26 22:00:00,6,1,264.0,329.0,701.0,400.82,Medium,High
1,11,23,269,2025-01-26 23:00:00,6,1,397.0,264.0,329.0,266.5,Medium,Medium
1,12,0,345,2025-01-27 00:00:00,0,1,269.0,397.0,264.0,337.27,Medium,Medium
1,12,1,522,2025-01-27 01:00:00,0,1,345.0,269.0,397.0,363.65,High,Medium
1,12,2,268,2025-01-27 02:00:00,0,1,522.0,345.0,269.0,288.48,Medium,Medium
1,12,3,518,2025-01-27 03:00:00,0,1,268.0,522.0,345.0,469.19,High,High
1,12,4,394,2025-01-27 04:00:00,0,1,518.0,268.0,522.0,356.68,Medium,Medium
1,12,5,178,2025-01-27 05:00:00,0,1,394.0,518.0,268.0,226.58,Low,Medium
1,12,6,435,2025-01-27 06:00:00,0,1,178.0,394.0,518.0,361.16,High,Medium
1,12,7,423,2025-01-27 07:00:00,0,1,435.0,178.0,394.0,441.27,High,High
1,12,8,501,2025-01-27 08:00:00,0,1,423.0,435.0,178.0,504.54,High,High
1,12,9,448,2025-01-27 09:00:00,0,1,501.0,423.0,435.0,434.52,High,High
1,12,10,480,2025-01-27 10:00:00,0,1,448.0,501.0,423.0,440.0,High,High
1,12,11,367,2025-01-27 11:00:00,0,1,480.0,448.0,501.0,361.73,Medium,Medium
1,12,12,412,2025-01-27 12:00:00,0,1,367.0,480.0,448.0,393.56,High,Medium
1,12,13,471,2025-01-27 13:00:00,0,1,412.0,367.0,480.0,381.54,High,Medium
1,12,14,193,2025-01-27 14:00:00,0,1,471.0,412.0,367.0,239.82,Low,Medium
1,12,15,518,2025-01-27 15:00:00,0,1,193.0,471.0,412.0,445.48,High,High
1,12,16,416,2025-01-27 16:00:00,0,1,518.0,193.0,471.0,412.19,High,High
1,12,17,580,2025-01-27 17:00:00,0,1,416.0,518.0,193.0,521.14,High,High
1,12,18,628,2025-01-27 18:00:00,0,1,580.0,416.0,518.0,570.11,High,High
1,12,19,521,2025-01-27 19:00:00,0,1,628.0,580.0,416.0,521.55,High,High
1,12,20,452,2025-01-27 20:00:00,0,1,521.0,628.0,580.0,406.26,High,High
1,12,21,367,2025-01-27 21:00:00,0,1,452.0,521.0,628.0,362.32,Medium,Medium
1,12,22,263,2025-01-27 22:00:00,0,1,367.0,452.0,521.0,319.91,Medium,Medium
1,12,23,394,2025-01-27 23:00:00,0,1,263.0,367.0,452.0,399.04,Medium,Medium
1,13,0,571,2025-01-28 00:00:00,1,1,394.0,263.0,367.0,491.07,High,High
1,13,1,462,2025-01-28 01:00:00,1,1,571.0,394.0,263.0,380.72,High,Medium
1,13,2,269,2025-01-28 02:00:00,1,1,462.0,571.0,394.0,289.51,Medium,Medium
1,13,3,513,2025-01-28 03:00:00,1,1,269.0,462.0,571.0,480.21,High,High
1,13,4,304,2025-01-28 04:00:00,1,1,513.0,269.0,462.0,335.32,Medium,Medium
1,13,5,194,2025-01-28 05:00:00,1,1,304.0,513.0,269.0,231.66,Low,Medium
1,13,6,348,2025-01-28 06:00:00,1,1,194.0,304.0,513.0,364.19,Medium,Medium
1,13,7,703,2025-01-28 07:00:00,1,1,348.0,194.0,304.0,487.41,High,High
1,13,8,404,2025-01-28 08:00:00,1,1,703.0,348.0,194.0,516.55,High,High
1,13,9,411,2025-01-28 09:00:00,1,1,404.0,703.0,348.0,433.96,High,High
1,13,10,280,2025-01-28 10:00:00,1,1,411.0,404.0,703.0,343.83,Medium,Medium
1,13,11,553,2025-01-28 11:00:00,1,1,280.0,411.0,404.0,448.46,High,High
1,13,12,218,2025-01-28 12:00:00,1,1,553.0,280.0,411.0,264.83,Medium,Medium
1,13,13,519,2025-01-28 13:00:00,1,1,218.0,553.0,280.0,455.97,High,High
1,13,14,508,2025-01-28 14:00:00,1,1,519.0,218.0,553.0,446.85,High,High
1,13,15,332,2025-01-28 15:00:00,1,1,508.0,519.0,218.0,317.37,Medium,Medium
1,13,16,222,2025-01-28 16:00:00,1,1,332.0,508.0,519.0,368.41,Medium,Medium
1,13,17,607,2025-01-28 17:00:00,1,1,222.0,332.0,508.0,574.88,High,High
1,13,18,526,2025-01-28 18:00:00,1,1,607.0,222.0,332.0,506.71,High,High
1,13,19,563,2025-01-28 19:00:00,1,1,526.0,607.0,222.0,498.27,High,High
1,13,20,364,2025-01-28 20:00:00,1,1,563.0,526.0,607.0,348.87,Medium,Medium
1,13,21,533,2025-01-28 21:00:00,1,1,364.0,563.0,526.0,439.17,High,High
1,13,22,371,2025-01-28 22:00:00,1,1,533.0,364.0,563.0,382.02,Medium,Medium
1,13,23,160,2025-01-28 23:00:00,1,1,371.0,533.0,364.0,240.21,Low,Medium
2,0,0,432,2025-01-29 00:00:00,2,1,160.0,371.0,533.0,408.91,High,High
2,0,1,400,2025-01-29 01:00:00,2,1,432.0,160.0,371.0,408.3,High,High
2,0,2,135,2025-01-29 02:00:00,2,1,400.0,432.0,160.0,243.22,Low,Medium
2,0,3,433,2025-01-29 03:00:00,2,1,135.0,400.0,432.0,397.7,High,Medium
2,0,4,516,2025-01-29 04:00:00,2,1,433.0,135.0,400.0,460.31,High,High
2,0,5,384,2025-01-29 05:00:00,2,1,516.0,433.0,135.0,378.42,Medium,Medium
2,0,6,305,2025-01-29 06:00:00,2,1,384.0,516.0,433.0,318.08,Medium,Medium
2,0,7,543,2025-01-29 07:00:00,2,1,305.0,384.0,516.0,518.86,High,High
2,0,8,649,2025-01-29 08:00:00,2,1,543.0,305.0,384.0,565.69,High,High
2,0,9,591,2025-01-29 09:00:00,2,1,649.0,543.0,305.0,570.01,High,High
2,0,10,156,2025-01-29 10:00:00,2,1,591.0,649.0,543.0,358.43,Low,Medium
2,0,11,396,2025-01-29 11:00:00,2,1,156.0,591.0,649.0,358.19,Medium,Medium
2,0,12,498,2025-01-29 12:00:00,2,1,396.0,156.0,591.0,431.57,High,High
2,0,13,575,2025-01-29 13:00:00,2,1,498.0,396.0,156.0,512.16,High,High
2,0,14,240,2025-01-29 14:00:00,2,1,575.0,498.0,396.0,284.21,Medium,Medium
2,0,15,436,2025-01-29 15:00:00,2,1,240.0,575.0,498.0,395.49,High,Medium
2,0,16,582,2025-01-29 16:00:00,2,1,436.0,240.0,575.0,496.79,High,High
2,0,17,271,2025-01-29 17:00:00,2,1,582.0,436.0,240.0,339.34,Medium,Medium
2,0,18,578,2025-01-29 18:00:00,2,1,271.0,582.0,436.0,542.33,High,High
2,0,19,525,2025-01-29 19:00:00,2,1,578.0,271.0,582.0,511.82,High,High
2,0,20,219,2025-01-29 20:00:00,2,1,525.0,578.0,271.0,263.15,Medium,Medium
2,0,21,246,2025-01-29 21:00:00,2,1,219.0,525.0,578.0,290.73,Medium,Medium
2,0,22,198,2025-01-29 22:00:00,2,1,246.0,219.0,525.0,406.99,Low,High
2,0,23,485,2025-01-29 23:00:00,2,1,198.0,246.0,219.0,446.61,High,High
2,1,0,264,2025-01-30 00:00:00,3,1,485.0,198.0,246.0,312.47,Medium,Medium
2,1,1,432,2025-01-30 01:00:00,3,1,264.0,485.0,198.0,401.2,High,High
2,1,2,566,2025-01-30 02:00:00,3,1,432.0,264.0,485.0,468.07,High,High
2,1,3,317,2025-01-30 03:00:00,3,1,566.0,432.0,264.0,317.68,Medium,Medium
2,1,4,591,2025-01-30 04:00:00,3,1,317.0,566.0,432.0,467.75,High,High
2,1,5,457,2025-01-30 05:00:00,3,1,591.0,317.0,566.0,423.43,High,High
2,1,6,179,2025-01-30 06:00:00,3,1,457.0,591.0,317.0,254.92,Low,Medium
2,1,7,622,2025-01-30 07:00:00,3,1,179.0,457.0,591.0,587.13,High,High
2,1,8,434,2025-01-30 08:00:00,3,1,622.0,179.0,457.0,457.71,High,High
2,1,9,457,2025-01-30 09:00:00,3,1,434.0,622.0,179.0,504.66,High,High
2,1,10,498,2025-01-30 10:00:00,3,1,457.0,434.0,622.0,407.89,High,High
2,1,11,163,2025-01-30 11:00:00,3,1,498.0,457.0,434.0,205.69,Low,Medium
2,1,12,368,2025-01-30 12:00:00,3,1,163.0,498.0,457.0,332.36,Medium,Medium
2,1,13,101,2025-01-30 13:00:00,3,1,368.0,163.0,498.0,170.17,Low,Low
2,1,14,470,2025-01-30 14:00:00,3,1,101.0,368.0,163.0,427.23,High,High
2,1,15,111,2025-01-30 15:00:00,3,1,470.0,101.0,368.0,194.41,Low,Low
2,1,16,380,2025-01-30 16:00:00,3,1,111.0,470.0,101.0,367.48,Medium,Medium
2,1,17,457,2025-01-30 17:00:00,3,1,380.0,111.0,470.0,458.79,High,High
2,1,18,223,2025-01-30 18:00:00,3,1,457.0,380.0,111.0,306.68,Medium,Medium
2,1,19,657,2025-01-30 19:00:00,3,1,223.0,457.0,380.0,596.22,High,High
2,1,20,448,2025-01-30 20:00:00,3,1,657.0,223.0,457.0,439.84,High,High
2,1,21,589,2025-01-30 21:00:00,3,1,448.0,657.0,223.0,517.53,High,High
2,1,22,195,2025-01-30 22:00:00,3,1,589.0,448.0,657.0,378.46,Low,Medium
2,1,23,539,2025-01-30 23:00:00,3,1,195.0,589.0,448.0,452.33,High,High
2,2,0,486,2025-01-31 00:00:00,4,1,539.0,195.0,589.0,455.69,High,High
2,2,1,253,2025-01-31 01:00:00,4,1,486.0,539.0,195.0,416.06,Medium,High
2,2,2,315,2025-01-31 02:00:00,4,1,253.0,486.0,539.0,323.75,Medium,Medium
2,2,3,409,2025-01-31 03:00:00,4,1,315.0,253.0,486.0,414.08,High,High
2,2,4,388,2025-01-31 04:00:00,4,1,409.0,315.0,253.0,358.52,Medium,Medium
2,2,5,121,2025-01-31 05:00:00,4,1,388.0,409.0,315.0,221.92,Low,Medium
2,2,6,204,2025-01-31 06:00:00,4,1,121.0,388.0,409.0,281.43,Medium,Medium
2,2,7,460,2025-01-31 07:00:00,4,1,204.0,121.0,388.0,469.47,High,High
2,2,8,579,2025-01-31 08:00:00,4,1,460.0,204.0,121.0,558.72,High,High
2,2,9,437,2025-01-31 09:00:00,4,1,579.0,460.0,204.0,447.14,High,High
2,2,10,310,2025-01-31 10:00:00,4,1,437.0,579.0,460.0,314.43,Medium,Medium
2,2,11,225,2025-01-31 11:00:00,4,1,310.0,437.0,579.0,255.62,Medium,Medium
2,2,12,350,2025-01-31 12:00:00,4,1,225.0,310.0,437.0,358.55,Medium,Medium
2,2,13,243,2025-01-31 13:00:00,4,1,350.0,225.0,310.0,272.77,Medium,Medium
2,2,14,329,2025-01-31 14:00:00,4,1,243.0,350.0,225.0,351.94,Medium,Medium
2,2,15,240,2025-01-31 15:00:00,4,1,329.0,243.0,350.0,270.27,Medium,Medium
2,2,16,177,2025-01-31 16:00:00,4,1,240.0,329.0,243.0,353.8,Low,Medium
2,2,17,249,2025-01-31 17:00:00,4,1,177.0,240.0,329.0,473.59,Medium,High
2,2,18,516,2025-01-31 18:00:00,4,1,249.0,177.0,240.0,486.48,High,High
2,2,19,652,2025-01-31 19:00:00,4,1,516.0,249.0,177.0,432.68,High,High
2,2,20,271,2025-01-31 20:00:00,4,1,652.0,516.0,249.0,415.64,Medium,High
2,2,21,182,2025-01-31 21:00:00,4,1,271.0,652.0,516.0,231.96,Low,Medium
2,2,22,391,2025-01-31 22:00:00,4,1,182.0,271.0,652.0,389.99,Medium,Medium
2,2,23,357,2025-01-31 23:00:00,4,1,391.0,182.0,271.0,350.66,Medium,Medium
2,3,0,208,2025-02-01 00:00:00,5,2,357.0,391.0,182.0,244.67,Medium,Medium
2,3,1,388,2025-02-01 01:00:00,5,2,208.0,357.0,391.0,294.62,Medium,Medium
2,3,2,537,2025-02-01 02:00:00,5,2,388.0,208.0,357.0,349.08,High,Medium
2,3,3,334,2025-02-01 03:00:00,5,2,537.0,388.0,208.0,348.26,Medium,Medium
2,3,4,164,2025-02-01 04:00:00,5,2,334.0,537.0,388.0,242.39,Low,Medium
2,3,5,473,2025-02-01 05:00:00,5,2,164.0,334.0,537.0,409.91,High,High
2,3,6,458,2025-02-01 06:00:00,5,2,473.0,164.0,334.0,431.92,High,High
2,3,7,605,2025-02-01 07:00:00,5,2,458.0,473.0,164.0,553.07,High,High
2,3,8,509,2025-02-01 08:00:00,5,2,605.0,458.0,473.0,498.22,High,High
2,3,9,358,2025-02-01 09:00:00,5,2,509.0,605.0,458.0,403.02,Medium,High
2,3,10,405,2025-02-01 10:00:00,5,2,358.0,509.0,605.0,319.27,High,Medium
2,3,11,321,2025-02-01 11:00:00,5,2,405.0,358.0,509.0,338.61,Medium,Medium
2,3,12,492,2025-02-01 12:00:00,5,2,321.0,405.0,358.0,442.16,High,High
2,3,13,506,2025-02-01 13:00:00,5,2,492.0,321.0,405.0,453.02,High,High
2,3,14,177,2025-02-01 14:00:00,5,2,506.0,492.0,321.0,338.18,Low,Medium
2,3,15,366,2025-02-01 15:00:00,5,2,177.0,506.0,492.0,353.02,Medium,Medium
2,3,16,223,2025-02-01 16:00:00,5,2,366.0,177.0,506.0,258.44,Medium,Medium
2,3,17,523,2025-02-01 17:00:00,5,2,223.0,366.0,177.0,502.86,High,High
2,3,18,585,2025-02-01 18:00:00,5,2,523.0,223.0,366.0,535.85,High,High
2,3,19,506,2025-02-01 19:00:00,5,2,585.0,523.0,223.0,458.32,High,High
2,3,20,561,2025-02-01 20:00:00,5,2,506.0,585.0,523.0,463.59,High,High
2,3,21,325,2025-02-01 21:00:00,5,2,561.0,506.0,585.0,341.67,Medium,Medium
2,3,22,244,2025-02-01 22:00:00,5,2,325.0,561.0,506.0,264.68,Medium,Medium
2,3,23,411,2025-02-01 23:00:00,5,2,244.0,325.0,561.0,405.24,High,High
2,4,0,316,2025-02-02 00:00:00,6,2,411.0,244.0,325.0,340.92,Medium,Medium
2,4,1,202,2025-02-02 01:00:00,6,2,316.0,411.0,244.0,222.99,Medium,Medium
2,4,2,244,2025-02-02 02:00:00,6,2,202.0,316.0,411.0,267.38,Medium,Medium
2,4,3,162,2025-02-02 03:00:00,6,2,244.0,202.0,316.0,255.88,Low,Medium
2,4,4,392,2025-02-02 04:00:00,6,2,162.0,244.0,202.0,357.16,Medium,Medium
2,4,5,371,2025-02-02 05:00:00,6,2,392.0,162.0,244.0,361.35,Medium,Medium
2,4,6,298,2025-02-02 06:00:00,6,2,371.0,392.0,162.0,317.93,Medium,Medium
2,4,7,229,2025-02-02 07:00:00,6,2,298.0,371.0,392.0,332.16,Medium,Medium
2,4,8,343,2025-02-02 08:00:00,6,2,229.0,298.0,371.0,369.58,Medium,Medium
2,4,9,692,2025-02-02 09:00:00,6,2,343.0,229.0,298.0,604.7,High,High
2,4,10,189,2025-02-02 10:00:00,6,2,692.0,343.0,229.0,277.94,Low,Medium
2,4,11,210,2025-02-02 11:00:00,6,2,189.0,692.0,343.0,246.86,Medium,Medium
2,4,12,413,2025-02-02 12:00:00,6,2,210.0,189.0,692.0,381.38,High,Medium
2,4,13,496,2025-02-02 13:00:00,6,2,413.0,210.0,189.0,447.33,High,High
2,4,14,397,2025-02-02 14:00:00,6,2,496.0,413.0,210.0,374.4,Medium,Medium
2,4,15,457,2025-02-02 15:00:00,6,2,397.0,496.0,413.0,405.46,High,High
2,4,16,328,2025-02-02 16:00:00,6,2,457.0,397.0,496.0,340.99,Medium,Medium
2,4,17,531,2025-02-02 17:00:00,6,2,328.0,457.0,397.0,520.0,High,High
2,4,18,596,2025-02-02 18:00:00,6,2,531.0,328.0,457.0,531.18,High,High
2,4,19,312,2025-02-02 19:00:00,6,2,596.0,531.0,328.0,380.81,Medium,Medium
2,4,20,381,2025-02-02 20:00:00,6,2,312.0,596.0,531.0,384.06,Medium,Medium
2,4,21,183,2025-02-02 21:00:00,6,2,381.0,312.0,596.0,286.64,Low,Medium
2,4,22,489,2025-02-02 22:00:00,6,2,183.0,381.0,312.0,442.0,High,High
2,4,23,177,2025-02-02 23:00:00,6,2,489.0,183.0,381.0,209.02,Low,Medium
2,5,0,380,2025-02-03 00:00:00,0,2,177.0,489.0,183.0,336.68,Medium,Medium
2,5,1,314,2025-02-03 01:00:00,0,2,380.0,177.0,489.0,328.01,Medium,Medium
2,5,2,465,2025-02-03 02:00:00,0,2,314.0,380.0,177.0,412.62,High,High
2,5,3,191,2025-02-03 03:00:00,0,2,465.0,314.0,380.0,254.48,Low,Medium
2,5,4,447,2025-02-03 04:00:00,0,2,191.0,465.0,314.0,394.74,High,Medium
2,5,5,222,2025-02-03 05:00:00,0,2,447.0,191.0,465.0,286.29,Medium,Medium
2,5,6,283,2025-02-03 06:00:00,0,2,222.0,447.0,191.0,303.2,Medium,Medium
2,5,7,585,2025-02-03 07:00:00,0,2,283.0,222.0,447.0,540.75,High,High
2,5,8,495,2025-02-03 08:00:00,0,2,585.0,283.0,222.0,486.29,High,High
2,5,9,537,2025-02-03 09:00:00,0,2,495.0,585.0,283.0,493.45,High,High
2,5,10,218,2025-02-03 10:00:00,0,2,537.0,495.0,585.0,280.94,Medium,Medium
2,5,11,143,2025-02-03 11:00:00,0,2,218.0,537.0,495.0,231.8,Low,Medium
2,5,12,349,2025-02-03 12:00:00,0,2,143.0,218.0,537.0,318.19,Medium,Medium
2,5,13,266,2025-02-03 13:00:00,0,2,349.0,143.0,218.0,305.64,Medium,Medium
2,5,14,497,2025-02-03 14:00:00,0,2,266.0,349.0,143.0,365.8,High,Medium
2,5,15,266,2025-02-03 15:00:00,0,2,497.0,266.0,349.0,328.21,Medium,Medium
2,5,16,309,2025-02-03 16:00:00,0,2,266.0,497.0,266.0,329.95,Medium,Medium
2,5,17,489,2025-02-03 17:00:00,0,2,309.0,266.0,497.0,501.65,High,High
2,5,18,252,2025-02-03 18:00:00,0,2,489.0,309.0,266.0,354.08,Medium,Medium
2,5,19,578,2025-02-03 19:00:00,0,2,252.0,489.0,309.0,497.21,High,High
2,5,20,533,2025-02-03 20:00:00,0,2,578.0,252.0,489.0,484.78,High,High
2,5,21,577,2025-02-03 21:00:00,0,2,533.0,578.0,252.0,485.57,High,High
2,5,22,275,2025-02-03 22:00:00,0,2,577.0,533.0,578.0,321.91,Medium,Medium
2,5,23,272,2025-02-03 23:00:00,0,2,275.0,577.0,533.0,302.4,Medium,Medium
2,6,0,508,2025-02-04 00:00:00,1,2,272.0,275.0,577.0,390.9,High,Medium
2,6,1,302,2025-02-04 01:00:00,1,2,508.0,272.0,275.0,407.21,Medium,High
2,6,2,362,2025-02-04 02:00:00,1,2,302.0,508.0,272.0,329.68,Medium,Medium
2,6,3,257,2025-02-04 03:00:00,1,2,362.0,302.0,508.0,277.45,Medium,Medium
2,6,4,293,2025-02-04 04:00:00,1,2,257.0,362.0,302.0,301.54,Medium,Medium
2,6,5,516,2025-02-04 05:00:00,1,2,293.0,257.0,362.0,436.31,High,High
2,6,6,429,2025-02-04 06:00:00,1,2,516.0,293.0,257.0,402.88,High,High
2,6,7,701,2025-02-04 07:00:00,1,2,429.0,516.0,293.0,620.72,High,High
2,6,8,654,2025-02-04 08:00:00,1,2,701.0,429.0,516.0,559.01,High,High
2,6,9,555,2025-02-04 09:00:00,1,2,654.0,701.0,429.0,529.43,High,High
2,6,10,394,2025-02-04 10:00:00,1,2,555.0,654.0,701.0,352.69,Medium,Medium
2,6,11,541,2025-02-04 11:00:00,1,2,394.0,555.0,654.0,351.57,High,Medium
2,6,12,552,2025-02-04 12:00:00,1,2,541.0,394.0,555.0,463.76,High,High
2,6,13,278,2025-02-04 13:00:00,1,2,552.0,541.0,394.0,287.14,Medium,Medium
2,6,14,270,2025-02-04 14:00:00,1,2,278.0,552.0,541.0,353.77,Medium,Medium
2,6,15,440,2025-02-04 15:00:00,1,2,270.0,278.0,552.0,399.77,High,Medium
2,6,16,416,2025-02-04 16:00:00,1,2,440.0,270.0,278.0,375.33,High,Medium
2,6,17,572,2025-02-04 17:00:00,1,2,416.0,440.0,270.0,526.49,High,High
2,6,18,414,2025-02-04 18:00:00,1,2,572.0,416.0,440.0,457.02,High,High
2,6,19,624,2025-02-04 19:00:00,1,2,414.0,572.0,416.0,520.12,High,High
2,6,20,510,2025-02-04 20:00:00,1,2,624.0,414.0,572.0,480.69,High,High
2,6,21,297,2025-02-04 21:00:00,1,2,510.0,624.0,414.0,336.3,Medium,Medium
2,6,22,452,2025-02-04 22:00:00,1,2,297.0,510.0,624.0,405.64,High,High
2,6,23,548,2025-02-04 23:00:00,1,2,452.0,297.0,510.0,456.44,High,High
2,7,0,449,2025-02-05 00:00:00,2,2,548.0,452.0,297.0,397.53,High,Medium
2,7,1,463,2025-02-05 01:00:00,2,2,449.0,548.0,452.0,320.0,High,Medium
2,7,2,453,2025-02-05 02:00:00,2,2,463.0,449.0,548.0,324.44,High,Medium
2,7,3,237,2025-02-05 03:00:00,2,2,453.0,463.0,449.0,291.88,Medium,Medium
2,7,4,349,2025-02-05 04:00:00,2,2,237.0,453.0,463.0,344.33,Medium,Medium
2,7,5,349,2025-02-05 05:00:00,2,2,349.0,237.0,453.0,362.9,Medium,Medium
2,7,6,417,2025-02-05 06:00:00,2,2,349.0,349.0,237.0,388.06,High,Medium
2,7,7,418,2025-02-05 07:00:00,2,2,417.0,349.0,349.0,441.43,High,High
2,7,8,610,2025-02-05 08:00:00,2,2,418.0,417.0,349.0,556.36,High,High
2,7,9,625,2025-02-05 09:00:00,2,2,610.0,418.0,417.0,547.65,High,High
2,7,10,415,2025-02-05 10:00:00,2,2,625.0,610.0,418.0,397.2,High,Medium
2,7,11,303,2025-02-05 11:00:00,2,2,415.0,625.0,610.0,316.35,Medium,Medium
2,7,12,501,2025-02-05 12:00:00,2,2,303.0,415.0,625.0,423.08,High,High
2,7,13,342,2025-02-05 13:00:00,2,2,501.0,303.0,415.0,344.06,Medium,Medium
2,7,14,480,2025-02-05 14:00:00,2,2,342.0,501.0,303.0,449.68,High,High
2,7,15,108,2025-02-05 15:00:00,2,2,480.0,342.0,501.0,332.48,Low,Medium
2,7,16,199,2025-02-05 16:00:00,2,2,108.0,480.0,342.0,260.81,Low,Medium
2,7,17,590,2025-02-05 17:00:00,2,2,199.0,108.0,480.0,504.27,High,High
2,7,18,306,2025-02-05 18:00:00,2,2,590.0,199.0,108.0,357.67,Medium,Medium
2,7,19,340,2025-02-05 19:00:00,2,2,306.0,590.0,199.0,385.82,Medium,Medium
2,7,20,400,2025-02-05 20:00:00,2,2,340.0,306.0,590.0,412.9,High,High
2,7,21,512,2025-02-05 21:00:00,2,2,400.0,340.0,306.0,456.13,High,High
2,7,22,358,2025-02-05 22:00:00,2,2,512.0,400.0,340.0,373.27,Medium,Medium
2,7,23,177,2025-02-05 23:00:00,2,2,358.0,512.0,400.0,255.03,Low,Medium
2,8,0,317,2025-02-06 00:00:00,3,2,177.0,358.0,512.0,342.74,Medium,Medium
2,8,1,357,2025-02-06 01:00:00,3,2,317.0,177.0,358.0,353.42,Medium,Medium
2,8,2,456,2025-02-06 02:00:00,3,2,357.0,317.0,177.0,423.12,High,High
2,8,3,495,2025-02-06 03:00:00,3,2,456.0,357.0,317.0,430.86,High,High
2,8,4,594,2025-02-06 04:00:00,3,2,495.0,456.0,357.0,487.24,High,High
2,8,5,421,2025-02-06 05:00:00,3,2,594.0,495.0,456.0,395.06,High,Medium
2,8,6,513,2025-02-06 06:00:00,3,2,421.0,594.0,495.0,452.85,High,High
2,8,7,364,2025-02-06 07:00:00,3,2,513.0,421.0,594.0,397.25,Medium,Medium
2,8,8,546,2025-02-06 08:00:00,3,2,364.0,513.0,421.0,545.09,High,High
2,8,9,500,2025-02-06 09:00:00,3,2,546.0,364.0,513.0,369.56,High,Medium
2,8,10,277,2025-02-06 10:00:00,3,2,500.0,546.0,364.0,287.14,Medium,Medium
2,8,11,163,2025-02-06 11:00:00,3,2,277.0,500.0,546.0,213.36,Low,Medium
2,8,12,370,2025-02-06 12:00:00,3,2,163.0,277.0,500.0,286.19,Medium,Medium
2,8,13,412,2025-02-06 13:00:00,3,2,370.0,163.0,277.0,338.13,High,Medium
2,8,14,301,2025-02-06 14:00:00,3,2,412.0,370.0,163.0,349.43,Medium,Medium
2,8,15,208,2025-02-06 15:00:00,3,2,301.0,412.0,370.0,255.11,Medium,Medium
2,8,16,354,2025-02-06 16:00:00,3,2,208.0,301.0,412.0,356.71,Medium,Medium
2,8,17,464,2025-02-06 17:00:00,3,2,354.0,208.0,301.0,467.06,High,High
2,8,18,295,2025-02-06 18:00:00,3,2,464.0,354.0,208.0,350.09,Medium,Medium
2,8,19,402,2025-02-06 19:00:00,3,2,295.0,464.0,354.0,471.22,High,High
2,8,20,219,2025-02-06 20:00:00,3,2,402.0,295.0,464.0,271.8,Medium,Medium
2,8,21,495,2025-02-06 21:00:00,3,2,219.0,402.0,295.0,416.36,High,High
2,8,22,509,2025-02-06 22:00:00,3,2,495.0,219.0,402.0,427.35,High,High
2,8,23,271,2025-02-06 23:00:00,3,2,509.0,495.0,219.0,299.47,Medium,Medium
2,9,0,477,2025-02-07 00:00:00,4,2,271.0,509.0,495.0,424.48,High,High
2,9,1,236,2025-02-07 01:00:00,4,2,477.0,271.0,509.0,397.22,Medium,Medium
2,9,2,229,2025-02-07 02:00:00,4,2,236.0,477.0,271.0,275.87,Medium,Medium
2,9,3,368,2025-02-07 03:00:00,4,2,229.0,236.0,477.0,354.34,Medium,Medium
2,9,4,448,2025-02-07 04:00:00,4,2,368.0,229.0,236.0,409.98,High,High
2,9,5,325,2025-02-07 05:00:00,4,2,448.0,368.0,229.0,355.88,Medium,Medium
2,9,6,358,2025-02-07 06:00:00,4,2,325.0,448.0,368.0,396.89,Medium,Medium
2,9,7,610,2025-02-07 07:00:00,4,2,358.0,325.0,448.0,548.65,High,High
2,9,8,305,2025-02-07 08:00:00,4,2,610.0,358.0,325.0,384.6,Medium,Medium
2,9,9,380,2025-02-07 09:00:00,4,2,305.0,610.0,358.0,400.59,Medium,High
2,9,10,506,2025-02-07 10:00:00,4,2,380.0,305.0,610.0,450.31,High,High
2,9,11,496,2025-02-07 11:00:00,4,2,506.0,380.0,305.0,387.49,High,Medium
2,9,12,368,2025-02-07 12:00:00,4,2,496.0,506.0,380.0,293.1,Medium,Medium
2,9,13,316,2025-02-07 13:00:00,4,2,368.0,496.0,506.0,309.18,Medium,Medium
2,9,14,293,2025-02-07 14:00:00,4,2,316.0,368.0,496.0,335.47,Medium,Medium
2,9,15,276,2025-02-07 15:00:00,4,2,293.0,316.0,368.0,311.4,Medium,Medium
2,9,16,443,2025-02-07 16:00:00,4,2,276.0,293.0,316.0,406.1,High,High
2,9,17,391,2025-02-07 17:00:00,4,2,443.0,276.0,293.0,454.94,Medium,High
2,9,18,752,2025-02-07 18:00:00,4,2,391.0,443.0,276.0,648.67,High,High
2,9,19,742,2025-02-07 19:00:00,4,2,752.0,391.0,443.0,605.56,High,High
2,9,20,295,2025-02-07 20:00:00,4,2,742.0,752.0,391.0,362.79,Medium,Medium
2,9,21,280,2025-02-07 21:00:00,4,2,295.0,742.0,752.0,288.57,Medium,Medium
2,9,22,434,2025-02-07 22:00:00,4,2,280.0,295.0,742.0,429.19,High,High
2,9,23,268,2025-02-07 23:00:00,4,2,434.0,280.0,295.0,297.92,Medium,Medium
2,10,0,149,2025-02-08 00:00:00,5,2,268.0,434.0,280.0,198.57,Low,Low
2,10,1,335,2025-02-08 01:00:00,5,2,149.0,268.0,434.0,350.16,Medium,Medium
2,10,2,171,2025-02-08 02:00:00,5,2,335.0,149.0,268.0,296.01,Low,Medium
2,10,3,228,2025-02-08 03:00:00,5,2,171.0,335.0,149.0,260.18,Medium,Medium
2,10,4,553,2025-02-08 04:00:00,5,2,228.0,171.0,335.0,308.19,High,Medium
2,10,5,512,2025-02-08 05:00:00,5,2,553.0,228.0,171.0,381.77,High,Medium
2,10,6,477,2025-02-08 06:00:00,5,2,512.0,553.0,228.0,447.49,High,High
2,10,7,682,2025-02-08 07:00:00,5,2,477.0,512.0,553.0,583.47,High,High
2,10,8,335,2025-02-08 08:00:00,5,2,682.0,477.0,512.0,376.05,Medium,Medium
2,10,9,337,2025-02-08 09:00:00,5,2,335.0,682.0,477.0,370.63,Medium,Medium
2,10,10,357,2025-02-08 10:00:00,5,2,337.0,335.0,682.0,397.77,Medium,Medium
2,10,11,444,2025-02-08 11:00:00,5,2,357.0,337.0,335.0,432.14,High,High
2,10,12,550,2025-02-08 12:00:00,5,2,444.0,357.0,337.0,484.76,High,High
2,10,13,408,2025-02-08 13:00:00,5,2,550.0,444.0,357.0,373.78,High,Medium
2,10,14,381,2025-02-08 14:00:00,5,2,408.0,550.0,444.0,355.2,Medium,Medium
2,10,15,127,2025-02-08 15:00:00,5,2,381.0,408.0,550.0,228.07,Low,Medium
2,10,16,557,2025-02-08 16:00:00,5,2,127.0,381.0,408.0,480.05,High,High
2,10,17,340,2025-02-08 17:00:00,5,2,557.0,127.0,381.0,399.54,Medium,Medium
2,10,18,458,2025-02-08 18:00:00,5,2,340.0,557.0,127.0,370.29,High,Medium
2,10,19,660,2025-02-08 19:00:00,5,2,458.0,340.0,557.0,502.84,High,High
2,10,20,302,2025-02-08 20:00:00,5,2,660.0,458.0,340.0,333.02,Medium,Medium
2,10,21,338,2025-02-08 21:00:00,5,2,302.0,660.0,458.0,295.73,Medium,Medium
2,10,22,448,2025-02-08 22:00:00,5,2,338.0,302.0,660.0,440.21,High,High
2,10,23,555,2025-02-08 23:00:00,5,2,448.0,338.0,302.0,311.15,High,Medium
2,11,0,134,2025-02-09 00:00:00,6,2,555.0,448.0,338.0,266.15,Low,Medium
2,11,1,526,2025-02-09 01:00:00,6,2,134.0,555.0,448.0,441.3,High,High
2,11,2,311,2025-02-09 02:00:00,6,2,526.0,134.0,555.0,381.68,Medium,Medium
2,11,3,243,2025-02-09 03:00:00,6,2,311.0,526.0,134.0,278.89,Medium,Medium
2,11,4,222,2025-02-09 04:00:00,6,2,243.0,311.0,526.0,278.03,Medium,Medium
2,11,5,353,2025-02-09 05:00:00,6,2,222.0,243.0,311.0,325.4,Medium,Medium
2,11,6,183,2025-02-09 06:00:00,6,2,353.0,222.0,243.0,250.06,Low,Medium
2,11,7,438,2025-02-09 07:00:00,6,2,183.0,353.0,222.0,514.61,High,High
2,11,8,252,2025-02-09 08:00:00,6,2,438.0,183.0,353.0,461.73,Medium,High
2,11,9,602,2025-02-09 09:00:00,6,2,252.0,438.0,183.0,580.55,High,High
2,11,10,330,2025-02-09 10:00:00,6,2,602.0,252.0,438.0,348.71,Medium,Medium
2,11,11,502,2025-02-09 11:00:00,6,2,330.0,602.0,252.0,356.05,High,Medium
2,11,12,275,2025-02-09 12:00:00,6,2,502.0,330.0,602.0,325.87,Medium,Medium
2,11,13,204,2025-02-09 13:00:00,6,2,275.0,502.0,330.0,389.08,Medium,Medium
2,11,14,192,2025-02-09 14:00:00,6,2,204.0,275.0,502.0,253.43,Low,Medium
2,11,15,491,2025-02-09 15:00:00,6,2,192.0,204.0,275.0,454.29,High,High
2,11,16,283,2025-02-09 16:00:00,6,2,491.0,192.0,204.0,315.8,Medium,Medium
2,11,17,266,2025-02-09 17:00:00,6,2,283.0,491.0,192.0,326.97,Medium,Medium
2,11,18,742,2025-02-09 18:00:00,6,2,266.0,283.0,491.0,522.63,High,High
2,11,19,288,2025-02-09 19:00:00,6,2,742.0,266.0,283.0,363.89,Medium,Medium
2,11,20,302,2025-02-09 20:00:00,6,2,288.0,742.0,266.0,279.09,Medium,Medium
2,11,21,486,2025-02-09 21:00:00,6,2,302.0,288.0,742.0,424.85,High,High
2,11,22,194,2025-02-09 22:00:00,6,2,486.0,302.0,288.0,235.14,Low,Medium
2,11,23,147,2025-02-09 23:00:00,6,2,194.0,486.0,302.0,227.71,Low,Medium
2,12,0,325,2025-02-10 00:00:00,0,2,147.0,194.0,486.0,340.78,Medium,Medium
2,12,1,403,2025-02-10 01:00:00,0,2,325.0,147.0,194.0,380.12,High,Medium
2,12,2,128,2025-02-10 02:00:00,0,2,403.0,325.0,147.0,347.75,Low,Medium
2,12,3,449,2025-02-10 03:00:00,0,2,128.0,403.0,325.0,383.8,High,Medium
2,12,4,197,2025-02-10 04:00:00,0,2,449.0,128.0,403.0,265.16,Low,Medium
2,12,5,204,2025-02-10 05:00:00,0,2,197.0,449.0,128.0,271.35,Medium,Medium
2,12,6,336,2025-02-10 06:00:00,0,2,204.0,197.0,449.0,328.09,Medium,Medium
2,12,7,515,2025-02-10 07:00:00,0,2,336.0,204.0,197.0,591.85,High,High
2,12,8,304,2025-02-10 08:00:00,0,2,515.0,336.0,204.0,352.84,Medium,Medium
2,12,9,422,2025-02-10 09:00:00,0,2,304.0,515.0,336.0,453.97,High,High
2,12,10,300,2025-02-10 10:00:00,0,2,422.0,304.0,515.0,314.72,Medium,Medium
2,12,11,511,2025-02-10 11:00:00,0,2,300.0,422.0,304.0,467.88,High,High
2,12,12,303,2025-02-10 12:00:00,0,2,511.0,300.0,422.0,309.68,Medium,Medium
2,12,13,417,2025-02-10 13:00:00,0,2,303.0,511.0,300.0,418.88,High,High
2,12,14,159,2025-02-10 14:00:00,0,2,417.0,303.0,511.0,217.02,Low,Medium
2,12,15,345,2025-02-10 15:00:00,0,2,159.0,417.0,303.0,361.4,Medium,Medium
2,12,16,375,2025-02-10 16:00:00,0,2,345.0,159.0,417.0,349.61,Medium,Medium
2,12,17,597,2025-02-10 17:00:00,0,2,375.0,345.0,159.0,557.3,High,High
2,12,18,518,2025-02-10 18:00:00,0,2,597.0,375.0,345.0,490.07,High,High
2,12,19,435,2025-02-10 19:00:00,0,2,518.0,597.0,375.0,489.46,High,High
2,12,20,312,2025-02-10 20:00:00,0,2,435.0,518.0,597.0,332.81,Medium,Medium
2,12,21,503,2025-02-10 21:00:00,0,2,312.0,435.0,518.0,402.3,High,High
2,12,22,217,2025-02-10 22:00:00,0,2,503.0,312.0,435.0,393.45,Medium,Medium
2,12,23,514,2025-02-10 23:00:00,0,2,217.0,503.0,312.0,434.79,High,High
2,13,0,557,2025-02-11 00:00:00,1,2,514.0,217.0,503.0,480.93,High,High
2,13,1,384,2025-02-11 01:00:00,1,2,557.0,514.0,217.0,391.27,Medium,Medium
2,13,2,191,2025-02-11 02:00:00,1,2,384.0,557.0,514.0,247.48,Low,Medium
2,13,3,466,2025-02-11 03:00:00,1,2,191.0,384.0,557.0,422.36,High,High
2,13,4,500,2025-02-11 04:00:00,1,2,466.0,191.0,384.0,418.15,High,High
2,13,5,559,2025-02-11 05:00:00,1,2,500.0,466.0,191.0,496.46,High,High
2,13,6,296,2025-02-11 06:00:00,1,2,559.0,500.0,466.0,345.6,Medium,Medium
2,13,7,254,2025-02-11 07:00:00,1,2,296.0,559.0,500.0,351.32,Medium,Medium
2,13,8,448,2025-02-11 08:00:00,1,2,254.0,296.0,559.0,446.25,High,High
2,13,9,469,2025-02-11 09:00:00,1,2,448.0,254.0,296.0,516.95,High,High
2,13,10,501,2025-02-11 10:00:00,1,2,469.0,448.0,254.0,470.04,High,High
2,13,11,363,2025-02-11 11:00:00,1,2,501.0,469.0,448.0,344.82,Medium,Medium
2,13,12,227,2025-02-11 12:00:00,1,2,363.0,501.0,469.0,274.29,Medium,Medium
2,13,13,220,2025-02-11 13:00:00,1,2,227.0,363.0,501.0,272.09,Medium,Medium
2,13,14,337,2025-02-11 14:00:00,1,2,220.0,227.0,363.0,340.76,Medium,Medium
2,13,15,232,2025-02-11 15:00:00,1,2,337.0,220.0,227.0,266.01,Medium,Medium
2,13,16,276,2025-02-11 16:00:00,1,2,232.0,337.0,220.0,320.17,Medium,Medium
2,13,17,507,2025-02-11 17:00:00,1,2,276.0,232.0,337.0,501.51,High,High
2,13,18,568,2025-02-11 18:00:00,1,2,507.0,276.0,232.0,511.38,High,High
2,13,19,537,2025-02-11 19:00:00,1,2,568.0,507.0,276.0,484.22,High,High
2,13,20,197,2025-02-11 20:00:00,1,2,537.0,568.0,507.0,271.15,Low,Medium
2,13,21,464,2025-02-11 21:00:00,1,2,197.0,537.0,568.0,414.06,High,High
2,13,22,201,2025-02-11 22:00:00,1,2,464.0,197.0,537.0,259.97,Medium,Medium
2,13,23,267,2025-02-11 23:00:00,1,2,201.0,464.0,197.0,309.38,Medium,Medium
